id,hedef,sira,enlem,boylam
1,AAE,0,41.275278,28.751944
2,AAE,1,41.192905,28.038972
3,AAE,2,41.106147,27.327839
4,AAE,3,41.015027,26.618630
5,AAE,4,40.919573,25.911427
6,AAE,5,40.819812,25.206309
7,AAE,6,40.715771,24.503354
8,AAE,7,40.607479,23.802638
9,AAE,8,40.494966,23.104233
10,AAE,9,40.378264,22.408210
11,AAE,10,40.257404,21.714636
12,AAE,11,40.132418,21.023578
13,AAE,12,40.003340,20.335098
14,AAE,13,39.870203,19.649258
15,AAE,14,39.733043,18.966114
16,AAE,15,39.591896,18.285723
17,AAE,16,39.446796,17.608138
18,AAE,17,39.297782,16.933408
19,AAE,18,39.144890,16.261582
20,AAE,19,38.988158,15.592704
21,AAE,20,38.827624,14.926817
22,AAE,21,38.663327,14.263962
23,AAE,22,38.495307,13.604176
24,AAE,23,38.323603,12.947493
25,AAE,24,38.148255,12.293947
26,AAE,25,37.969303,11.643568
27,AAE,26,37.786787,10.996383
28,AAE,27,37.600750,10.352417
29,AAE,28,37.411231,9.711694
30,AAE,29,37.218273,9.074234
31,AAE,30,37.021915,8.440055
32,AAE,31,36.822201,7.809174
33,AAL,0,41.275278,28.751944
34,AAL,1,41.824966,28.306490
35,AAL,2,42.372902,27.853333
36,AAL,3,42.919023,27.392213
37,AAL,4,43.463260,26.922860
38,AAL,5,44.005543,26.444995
39,AAL,6,44.545797,25.958329
40,AAL,7,45.083947,25.462563
41,AAL,8,45.619910,24.957387
42,AAL,9,46.153604,24.442480
43,AAL,10,46.684941,23.917511
44,AAL,11,47.213830,23.382137
45,AAL,12,47.740174,22.836002
46,AAL,13,48.263875,22.278740
47,AAL,14,48.784828,21.709971
48,AAL,15,49.302924,21.129303
49,AAL,16,49.818049,20.536331
50,AAL,17,50.330083,19.930635
51,AAL,18,50.838903,19.311786
52,AAL,19,51.344378,18.679338
53,AAL,20,51.846372,18.032832
54,AAL,21,52.344742,17.371796
55,AAL,22,52.839340,16.695746
56,AAL,23,53.330010,16.004181
57,AAL,24,53.816588,15.296591
58,AAL,25,54.298905,14.572451
59,AAL,26,54.776782,13.831224
60,AAL,27,55.250033,13.072361
61,AAL,28,55.718464,12.295305
62,AAL,29,56.181872,11.499486
63,AAL,30,56.640044,10.684326
64,AAL,31,57.092759,9.849243
65,ACC,0,41.275278,28.751944
66,ACC,1,40.243768,27.463612
67,ACC,2,39.198403,26.214210
68,ACC,3,38.140087,25.001669
69,ACC,4,37.069665,23.823995
70,ACC,5,35.987926,22.679273
71,ACC,6,34.895608,21.565669
72,ACC,7,33.793402,20.481425
73,ACC,8,32.681953,19.424861
74,ACC,9,31.561868,18.394372
75,ACC,10,30.433713,17.388429
76,ACC,11,29.298022,16.405571
77,ACC,12,28.155295,15.444403
78,ACC,13,27.006002,14.503597
79,ACC,14,25.850585,13.581885
80,ACC,15,24.689463,12.678055
81,ACC,16,23.523030,11.790950
82,ACC,17,22.351660,10.919463
83,ACC,18,21.175705,10.062536
84,ACC,19,19.995501,9.219154
85,ACC,20,18.811367,8.388343
86,ACC,21,17.623608,7.569167
87,ACC,22,16.432514,6.760726
88,ACC,23,15.238363,5.962151
89,ACC,24,14.041420,5.172605
90,ACC,25,12.841944,4.391276
91,ACC,26,11.640181,3.617377
92,ACC,27,10.436369,2.850143
93,ACC,28,9.230742,2.088830
94,ACC,29,8.023524,1.332710
95,ACC,30,6.814935,0.581071
96,ACC,31,5.605190,-0.166786
97,ADA,0,41.275278,28.751944
98,ADA,1,41.142725,28.975349
99,ADA,2,41.009742,29.197852
100,ADA,3,40.876333,29.419456
101,ADA,4,40.742502,29.640168
102,ADA,5,40.608252,29.859992
103,ADA,6,40.473587,30.078933
104,ADA,7,40.338510,30.296997
105,ADA,8,40.203025,30.514187
106,ADA,9,40.067137,30.730511
107,ADA,10,39.930847,30.945971
108,ADA,11,39.794161,31.160574
109,ADA,12,39.657080,31.374324
110,ADA,13,39.519609,31.587228
111,ADA,14,39.381752,31.799288
112,ADA,15,39.243511,32.010512
113,ADA,16,39.104890,32.220904
114,ADA,17,38.965893,32.430468
115,ADA,18,38.826522,32.639211
116,ADA,19,38.686781,32.847137
117,ADA,20,38.546674,33.054251
118,ADA,21,38.406203,33.260559
119,ADA,22,38.265371,33.466065
120,ADA,23,38.124183,33.670775
121,ADA,24,37.982641,33.874694
122,ADA,25,37.840748,34.077827
123,ADA,26,37.698508,34.280178
124,ADA,27,37.555923,34.481754
125,ADA,28,37.412997,34.682559
126,ADA,29,37.269732,34.882598
127,ADA,30,37.126133,35.081877
128,ADA,31,36.982201,35.280399
129,ADB,0,41.275278,28.751944
130,ADB,1,41.179407,28.698271
131,ADB,2,41.083512,28.644755
132,ADB,3,40.987591,28.591395
133,ADB,4,40.891647,28.538191
134,ADB,5,40.795677,28.485140
135,ADB,6,40.699684,28.432242
136,ADB,7,40.603667,28.379497
137,ADB,8,40.507625,28.326903
138,ADB,9,40.411560,28.274459
139,ADB,10,40.315471,28.222165
140,ADB,11,40.219359,28.170020
141,ADB,12,40.123223,28.118022
142,ADB,13,40.027065,28.066171
143,ADB,14,39.930883,28.014467
144,ADB,15,39.834678,27.962907
145,ADB,16,39.738450,27.911492
146,ADB,17,39.642200,27.860220
147,ADB,18,39.545928,27.809090
148,ADB,19,39.449633,27.758102
149,ADB,20,39.353316,27.707255
150,ADB,21,39.256976,27.656548
151,ADB,22,39.160615,27.605981
152,ADB,23,39.064232,27.555551
153,ADB,24,38.967828,27.505259
154,ADB,25,38.871402,27.455104
155,ADB,26,38.774954,27.405085
156,ADB,27,38.678485,27.355201
157,ADB,28,38.581996,27.305451
158,ADB,29,38.485485,27.255835
159,ADB,30,38.388953,27.206351
160,ADB,31,38.292400,27.157000
161,ADD,0,41.275278,28.751944
162,ADD,1,40.247856,29.193969
163,ADD,2,39.218803,29.622763
164,ADD,3,38.188223,30.039159
165,ADD,4,37.156213,30.443927
166,ADD,5,36.122865,30.837785
167,ADD,6,35.088260,31.221403
168,ADD,7,34.052478,31.595404
169,ADD,8,33.015590,31.960370
170,ADD,9,31.977665,32.316847
171,ADD,10,30.938766,32.665347
172,ADD,11,29.898952,33.006349
173,ADD,12,28.858280,33.340304
174,ADD,13,27.816801,33.667636
175,ADD,14,26.774564,33.988747
176,ADD,15,25.731618,34.304014
177,ADD,16,24.688004,34.613795
178,ADD,17,23.643766,34.918430
179,ADD,18,22.598941,35.218239
180,ADD,19,21.553569,35.513531
181,ADD,20,20.507684,35.804594
182,ADD,21,19.461321,36.091709
183,ADD,22,18.414511,36.375141
184,ADD,23,17.367286,36.655145
185,ADD,24,16.319676,36.931965
186,ADD,25,15.271709,37.205835
187,ADD,26,14.223412,37.476984
188,ADD,27,13.174813,37.745628
189,ADD,28,12.125937,38.011979
190,ADD,29,11.076808,38.276244
191,ADD,30,10.027451,38.538619
192,ADD,31,8.977890,38.799301
193,ADF,0,41.275278,28.751944
194,ADF,1,41.174047,29.080861
195,ADF,2,41.071883,29.408758
196,ADF,3,40.968793,29.735633
197,ADF,4,40.864782,30.061484
198,ADF,5,40.759857,30.386308
199,ADF,6,40.654025,30.710104
200,ADF,7,40.547291,31.032870
201,ADF,8,40.439661,31.354605
202,ADF,9,40.331143,31.675307
203,ADF,10,40.221741,31.994975
204,ADF,11,40.111464,32.313608
205,ADF,12,40.000316,32.631205
206,ADF,13,39.888304,32.947767
207,ADF,14,39.775434,33.263291
208,ADF,15,39.661712,33.577778
209,ADF,16,39.547145,33.891229
210,ADF,17,39.431739,34.203642
211,ADF,18,39.315500,34.515018
212,ADF,19,39.198435,34.825358
213,ADF,20,39.080548,35.134661
214,ADF,21,38.961848,35.442929
215,ADF,22,38.842339,35.750162
216,ADF,23,38.722028,36.056362
217,ADF,24,38.600921,36.361529
218,ADF,25,38.479025,36.665664
219,ADF,26,38.356345,36.968769
220,ADF,27,38.232887,37.270846
221,ADF,28,38.108657,37.571895
222,ADF,29,37.983662,37.871919
223,ADF,30,37.857908,38.170920
224,ADF,31,37.731400,38.468899
225,AER,0,41.275278,28.751944
226,AER,1,41.362080,29.100621
227,AER,2,41.447827,29.450224
228,AER,3,41.532513,29.800747
229,AER,4,41.616131,30.152182
230,AER,5,41.698677,30.504525
231,AER,6,41.780143,30.857767
232,AER,7,41.860525,31.211901
233,AER,8,41.939816,31.566921
234,AER,9,42.018011,31.922819
235,AER,10,42.095104,32.279587
236,AER,11,42.171089,32.637217
237,AER,12,42.245961,32.995702
238,AER,13,42.319713,33.355031
239,AER,14,42.392342,33.715198
240,AER,15,42.463840,34.076192
241,AER,16,42.534203,34.438006
242,AER,17,42.603426,34.800629
243,AER,18,42.671502,35.164052
244,AER,19,42.738427,35.528265
245,AER,20,42.804195,35.893259
246,AER,21,42.868802,36.259022
247,AER,22,42.932243,36.625545
248,AER,23,42.994511,36.992817
249,AER,24,43.055603,37.360827
250,AER,25,43.115514,37.729564
251,AER,26,43.174238,38.099017
252,AER,27,43.231771,38.469173
253,AER,28,43.288109,38.840022
254,AER,29,43.343246,39.211550
255,AER,30,43.397179,39.583747
256,AER,31,43.449902,39.956600
257,AGP,0,41.275278,28.751944
258,AGP,1,41.282135,27.631999
259,AGP,2,41.278137,26.512005
260,AGP,3,41.263288,25.392334
261,AGP,4,41.237597,24.273358
262,AGP,5,41.201084,23.155446
263,AGP,6,41.153773,22.038965
264,AGP,7,41.095699,20.924277
265,AGP,8,41.026903,19.811741
266,AGP,9,40.947433,18.701706
267,AGP,10,40.857344,17.594517
268,AGP,11,40.756700,16.490512
269,AGP,12,40.645568,15.390018
270,AGP,13,40.524025,14.293353
271,AGP,14,40.392153,13.200827
272,AGP,15,40.250041,12.112736
273,AGP,16,40.097783,11.029368
274,AGP,17,39.935478,9.950995
275,AGP,18,39.763231,8.877881
276,AGP,19,39.581152,7.810275
277,AGP,20,39.389357,6.748412
278,AGP,21,39.187964,5.692515
279,AGP,22,38.977096,4.642794
280,AGP,23,38.756881,3.599443
281,AGP,24,38.527448,2.562644
282,AGP,25,38.288933,1.532566
283,AGP,26,38.041470,0.509361
284,AGP,27,37.785200,-0.506829
285,AGP,28,37.520263,-1.515878
286,AGP,29,37.246804,-2.517673
287,AGP,30,36.964968,-3.512112
288,AGP,31,36.674900,-4.499110
289,AJI,0,41.275278,28.751944
290,AJI,1,41.250886,29.221469
291,AJI,2,41.224589,29.690630
292,AJI,3,41.196389,30.159401
293,AJI,4,41.166290,30.627754
294,AJI,5,41.134295,31.095663
295,AJI,6,41.100409,31.563103
296,AJI,7,41.064637,32.030047
297,AJI,8,41.026981,32.496470
298,AJI,9,40.987447,32.962347
299,AJI,10,40.946040,33.427652
300,AJI,11,40.902765,33.892361
301,AJI,12,40.857627,34.356449
302,AJI,13,40.810632,34.819892
303,AJI,14,40.761785,35.282666
304,AJI,15,40.711092,35.744748
305,AJI,16,40.658560,36.206114
306,AJI,17,40.604194,36.666741
307,AJI,18,40.548002,37.126607
308,AJI,19,40.489989,37.585689
309,AJI,20,40.430163,38.043966
310,AJI,21,40.368531,38.501416
311,AJI,22,40.305100,38.958018
312,AJI,23,40.239877,39.413751
313,AJI,24,40.172871,39.868595
314,AJI,25,40.104087,40.322530
315,AJI,26,40.033536,40.775536
316,AJI,27,39.961224,41.227594
317,AJI,28,39.887161,41.678685
318,AJI,29,39.811353,42.128792
319,AJI,30,39.733810,42.577895
320,AJI,31,39.654541,43.025978
321,ALA,0,41.275278,28.751944
322,ALA,1,41.654106,30.183444
323,ALA,2,42.014967,31.631476
324,ALA,3,42.357425,33.095609
325,ALA,4,42.681055,34.575343
326,ALA,5,42.985445,36.070108
327,ALA,6,43.270195,37.579265
328,ALA,7,43.534924,39.102108
329,ALA,8,43.779268,40.637859
330,ALA,9,44.002885,42.185675
331,ALA,10,44.205455,43.744650
332,ALA,11,44.386683,45.313814
333,ALA,12,44.546300,46.892140
334,ALA,13,44.684067,48.478550
335,ALA,14,44.799774,50.071915
336,ALA,15,44.893242,51.671066
337,ALA,16,44.964328,53.274799
338,ALA,17,45.012919,54.881880
339,ALA,18,45.038939,56.491056
340,ALA,19,45.042348,58.101061
341,ALA,20,45.023139,59.710620
342,ALA,21,44.981344,61.318466
343,ALA,22,44.917027,62.923339
344,ALA,23,44.830290,64.523999
345,ALA,24,44.721268,66.119232
346,ALA,25,44.590129,67.707859
347,ALA,26,44.437073,69.288737
348,ALA,27,44.262331,70.860773
349,ALA,28,44.066163,72.422923
350,ALA,29,43.848856,73.974200
351,ALA,30,43.610723,75.513679
352,ALA,31,43.352100,77.040497
353,ALG,0,41.275278,28.751944
354,ALG,1,41.218700,27.884540
355,ALG,2,41.155625,27.018721
356,ALG,3,41.086080,26.154652
357,ALG,4,41.010094,25.292495
358,ALG,5,40.927700,24.432407
359,ALG,6,40.838931,23.574544
360,ALG,7,40.743826,22.719058
361,ALG,8,40.642422,21.866095
362,ALG,9,40.534763,21.015800
363,ALG,10,40.420890,20.168311
364,ALG,11,40.300851,19.323764
365,ALG,12,40.174694,18.482289
366,ALG,13,40.042468,17.644012
367,ALG,14,39.904225,16.809053
368,ALG,15,39.760018,15.977529
369,ALG,16,39.609903,15.149551
370,ALG,17,39.453938,14.325226
371,ALG,18,39.292179,13.504654
372,ALG,19,39.124688,12.687931
373,ALG,20,38.951525,11.875148
374,ALG,21,38.772753,11.066391
375,ALG,22,38.588435,10.261740
376,ALG,23,38.398637,9.461271
377,ALG,24,38.203423,8.665053
378,ALG,25,38.002861,7.873152
379,ALG,26,37.797019,7.085627
380,ALG,27,37.585963,6.302535
381,ALG,28,37.369764,5.523924
382,ALG,29,37.148491,4.749840
383,ALG,30,36.922213,3.980323
384,ALG,31,36.691002,3.215410
385,AMM,0,41.275278,28.751944
386,AMM,1,40.974621,29.016083
387,AMM,2,40.673366,29.277822
388,AMM,3,40.371525,29.537205
389,AMM,4,40.069111,29.794272
390,AMM,5,39.766133,30.049065
391,AMM,6,39.462603,30.301623
392,AMM,7,39.158531,30.551986
393,AMM,8,38.853928,30.800192
394,AMM,9,38.548805,31.046279
395,AMM,10,38.243171,31.290285
396,AMM,11,37.937035,31.532247
397,AMM,12,37.630409,31.772199
398,AMM,13,37.323300,32.010178
399,AMM,14,37.015719,32.246218
400,AMM,15,36.707674,32.480354
401,AMM,16,36.399175,32.712618
402,AMM,17,36.090229,32.943045
403,AMM,18,35.780845,33.171666
404,AMM,19,35.471032,33.398513
405,AMM,20,35.160798,33.623618
406,AMM,21,34.850151,33.847011
407,AMM,22,34.539098,34.068723
408,AMM,23,34.227648,34.288783
409,AMM,24,33.915807,34.507220
410,AMM,25,33.603584,34.724063
411,AMM,26,33.290985,34.939341
412,AMM,27,32.978018,35.153080
413,AMM,28,32.664689,35.365309
414,AMM,29,32.351005,35.576054
415,AMM,30,32.036974,35.785342
416,AMM,31,31.722601,35.993198
417,AMS,0,41.275278,28.751944
418,AMS,1,41.699984,28.124422
419,AMS,2,42.121232,27.488590
420,AMS,3,42.538922,26.844283
421,AMS,4,42.952955,26.191337
422,AMS,5,43.363227,25.529586
423,AMS,6,43.769631,24.858867
424,AMS,7,44.172060,24.179016
425,AMS,8,44.570402,23.489871
426,AMS,9,44.964543,22.791271
427,AMS,10,45.354366,22.083059
428,AMS,11,45.739752,21.365079
429,AMS,12,46.120579,20.637178
430,AMS,13,46.496721,19.899208
431,AMS,14,46.868052,19.151023
432,AMS,15,47.234440,18.392485
433,AMS,16,47.595754,17.623459
434,AMS,17,47.951856,16.843816
435,AMS,18,48.302609,16.053435
436,AMS,19,48.647872,15.252204
437,AMS,20,48.987502,14.440016
438,AMS,21,49.321353,13.616777
439,AMS,22,49.649278,12.782399
440,AMS,23,49.971127,11.936810
441,AMS,24,50.286747,11.079945
442,AMS,25,50.595986,10.211756
443,AMS,26,50.898687,9.332207
444,AMS,27,51.194693,8.441276
445,AMS,28,51.483847,7.538958
446,AMS,29,51.765990,6.625265
447,AMS,30,52.040962,5.700226
448,AMS,31,52.308601,4.763890
449,AQJ,0,41.275278,28.751944
450,AQJ,1,40.904683,28.985912
451,AQJ,2,40.533620,29.217270
452,AQJ,3,40.162101,29.446079
453,AQJ,4,39.790137,29.672395
454,AQJ,5,39.417737,29.896276
455,AQJ,6,39.044913,30.117776
456,AQJ,7,38.671675,30.336949
457,AQJ,8,38.298032,30.553848
458,AQJ,9,37.923993,30.768522
459,AQJ,10,37.549569,30.981023
460,AQJ,11,37.174767,31.191398
461,AQJ,12,36.799598,31.399695
462,AQJ,13,36.424068,31.605961
463,AQJ,14,36.048187,31.810240
464,AQJ,15,35.671963,32.012577
465,AQJ,16,35.295404,32.213014
466,AQJ,17,34.918517,32.411594
467,AQJ,18,34.541310,32.608357
468,AQJ,19,34.163790,32.803345
469,AQJ,20,33.785965,32.996596
470,AQJ,21,33.407841,33.188148
471,AQJ,22,33.029425,33.378040
472,AQJ,23,32.650724,33.566307
473,AQJ,24,32.271745,33.752985
474,AQJ,25,31.892493,33.938110
475,AQJ,26,31.512975,34.121715
476,AQJ,27,31.133197,34.303835
477,AQJ,28,30.753165,34.484501
478,AQJ,29,30.372885,34.663747
479,AQJ,30,29.992361,34.841603
480,AQJ,31,29.611601,35.018101
481,ARN,0,41.275278,28.751944
482,ARN,1,41.880393,28.511563
483,ARN,2,42.484996,28.266588
484,ARN,3,43.089068,28.016834
485,ARN,4,43.692586,27.762107
486,ARN,5,44.295527,27.502202
487,ARN,6,44.897866,27.236908
488,ARN,7,45.499578,26.966000
489,ARN,8,46.100636,26.689242
490,ARN,9,46.701011,26.406387
491,ARN,10,47.300673,26.117173
492,ARN,11,47.899592,25.821328
493,ARN,12,48.497732,25.518562
494,ARN,13,49.095060,25.208571
495,ARN,14,49.691537,24.891034
496,ARN,15,50.287125,24.565613
497,ARN,16,50.881781,24.231949
498,ARN,17,51.475462,23.889664
499,ARN,18,52.068120,23.538361
500,ARN,19,52.659705,23.177615
501,ARN,20,53.250165,22.806980
502,ARN,21,53.839444,22.425982
503,ARN,22,54.427481,22.034119
504,ARN,23,55.014213,21.630858
505,ARN,24,55.599572,21.215634
506,ARN,25,56.183486,20.787847
507,ARN,26,56.765878,20.346860
508,ARN,27,57.346664,19.891994
509,ARN,28,57.925758,19.422528
510,ARN,29,58.503064,18.937695
511,ARN,30,59.078481,18.436676
512,ARN,31,59.651901,17.918600
513,ASB,0,41.275278,28.751944
514,ASB,1,41.291082,29.735904
515,ASB,2,41.298504,30.720213
516,ASB,3,41.297541,31.704621
517,ASB,4,41.288192,32.688872
518,ASB,5,41.270464,33.672716
519,ASB,6,41.244365,34.655899
520,ASB,7,41.209911,35.638172
521,ASB,8,41.167120,36.619285
522,ASB,9,41.116015,37.598994
523,ASB,10,41.056625,38.577055
524,ASB,11,40.988981,39.553229
525,ASB,12,40.913120,40.527281
526,ASB,13,40.829084,41.498980
527,ASB,14,40.736916,42.468101
528,ASB,15,40.636666,43.434423
529,ASB,16,40.528387,44.397731
530,ASB,17,40.412134,45.357817
531,ASB,18,40.287968,46.314480
532,ASB,19,40.155953,47.267524
533,ASB,20,40.016156,48.216760
534,ASB,21,39.868646,49.162009
535,ASB,22,39.713498,50.103097
536,ASB,23,39.550787,51.039859
537,ASB,24,39.380591,51.972136
538,ASB,25,39.202994,52.899781
539,ASB,26,39.018077,53.822650
540,ASB,27,38.825928,54.740611
541,ASB,28,38.626635,55.653540
542,ASB,29,38.420288,56.561318
543,ASB,30,38.206979,57.463838
544,ASB,31,37.986801,58.361000
545,ASR,0,41.275278,28.751944
546,ASR,1,41.200734,28.977211
547,ASR,2,41.125752,29.201964
548,ASR,3,41.050334,29.426202
549,ASR,4,40.974482,29.649926
550,ASR,5,40.898199,29.873134
551,ASR,6,40.821487,30.095826
552,ASR,7,40.744347,30.318003
553,ASR,8,40.666782,30.539663
554,ASR,9,40.588795,30.760807
555,ASR,10,40.510387,30.981434
556,ASR,11,40.431560,31.201545
557,ASR,12,40.352317,31.421139
558,ASR,13,40.272659,31.640216
559,ASR,14,40.192589,31.858776
560,ASR,15,40.112109,32.076820
561,ASR,16,40.031222,32.294346
562,ASR,17,39.949928,32.511356
563,ASR,18,39.868231,32.727850
564,ASR,19,39.786133,32.943827
565,ASR,20,39.703635,33.159288
566,ASR,21,39.620739,33.374234
567,ASR,22,39.537449,33.588664
568,ASR,23,39.453765,33.802579
569,ASR,24,39.369691,34.015978
570,ASR,25,39.285228,34.228864
571,ASR,26,39.200378,34.441235
572,ASR,27,39.115143,34.653093
573,ASR,28,39.029526,34.864438
574,ASR,29,38.943529,35.075270
575,ASR,30,38.857153,35.285591
576,ASR,31,38.770401,35.495399
577,ATH,0,41.275278,28.751944
578,ATH,1,41.170770,28.589446
579,ATH,2,41.066035,28.427466
580,ATH,3,40.961073,28.266002
581,ATH,4,40.855887,28.105051
582,ATH,5,40.750478,27.944611
583,ATH,6,40.644848,27.784680
584,ATH,7,40.538997,27.625254
585,ATH,8,40.432928,27.466332
586,ATH,9,40.326643,27.307911
587,ATH,10,40.220141,27.149988
588,ATH,11,40.113426,26.992562
589,ATH,12,40.006499,26.835630
590,ATH,13,39.899360,26.679189
591,ATH,14,39.792012,26.523236
592,ATH,15,39.684455,26.367771
593,ATH,16,39.576693,26.212789
594,ATH,17,39.468724,26.058289
595,ATH,18,39.360552,25.904268
596,ATH,19,39.252178,25.750723
597,ATH,20,39.143603,25.597654
598,ATH,21,39.034828,25.445056
599,ATH,22,38.925855,25.292927
600,ATH,23,38.816685,25.141266
601,ATH,24,38.707319,24.990069
602,ATH,25,38.597760,24.839334
603,ATH,26,38.488008,24.689060
604,ATH,27,38.378064,24.539242
605,ATH,28,38.267930,24.389880
606,ATH,29,38.157607,24.240971
607,ATH,30,38.047097,24.092511
608,ATH,31,37.936401,23.944500
609,AUH,0,41.275278,28.751944
610,AUH,1,40.830320,29.761178
611,AUH,2,40.376685,30.756826
612,AUH,3,39.914627,31.739036
613,AUH,4,39.444394,32.707966
614,AUH,5,38.966230,33.663790
615,AUH,6,38.480374,34.606696
616,AUH,7,37.987062,35.536879
617,AUH,8,37.486523,36.454548
618,AUH,9,36.978981,37.359916
619,AUH,10,36.464656,38.253208
620,AUH,11,35.943763,39.134651
621,AUH,12,35.416510,40.004480
622,AUH,13,34.883102,40.862934
623,AUH,14,34.343738,41.710254
624,AUH,15,33.798612,42.546687
625,AUH,16,33.247913,43.372479
626,AUH,17,32.691825,44.187880
627,AUH,18,32.130529,44.993138
628,AUH,19,31.564197,45.788504
629,AUH,20,30.993001,46.574228
630,AUH,21,30.417105,47.350559
631,AUH,22,29.836671,48.117746
632,AUH,23,29.251854,48.876035
633,AUH,24,28.662808,49.625673
634,AUH,25,28.069680,50.366904
635,AUH,26,27.472615,51.099968
636,AUH,27,26.871752,51.825106
637,AUH,28,26.267228,52.542556
638,AUH,29,25.659176,53.252550
639,AUH,30,25.047725,53.955322
640,AUH,31,24.433001,54.651100
641,AYT,0,41.275278,28.751944
642,AYT,1,41.134682,28.822172
643,AYT,2,40.994044,28.892099
644,AYT,3,40.853364,28.961728
645,AYT,4,40.712643,29.031062
646,AYT,5,40.571880,29.100104
647,AYT,6,40.431076,29.168856
648,AYT,7,40.290231,29.237320
649,AYT,8,40.149346,29.305500
650,AYT,9,40.008422,29.373397
651,AYT,10,39.867458,29.441015
652,AYT,11,39.726455,29.508355
653,AYT,12,39.585413,29.575420
654,AYT,13,39.444332,29.642213
655,AYT,14,39.303214,29.708736
656,AYT,15,39.162058,29.774991
657,AYT,16,39.020865,29.840980
658,AYT,17,38.879634,29.906707
659,AYT,18,38.738367,29.972173
660,AYT,19,38.597064,30.037380
661,AYT,20,38.455724,30.102331
662,AYT,21,38.314349,30.167028
663,AYT,22,38.172938,30.231473
664,AYT,23,38.031493,30.295668
665,AYT,24,37.890012,30.359616
666,AYT,25,37.748497,30.423319
667,AYT,26,37.606948,30.486779
668,AYT,27,37.465365,30.549997
669,AYT,28,37.323749,30.612976
670,AYT,29,37.182099,30.675719
671,AYT,30,37.040416,30.738226
672,AYT,31,36.898701,30.800501
673,BAH,0,41.275278,28.751944
674,BAH,1,40.861090,29.591934
675,BAH,2,40.440885,30.421408
676,BAH,3,40.014825,31.240506
677,BAH,4,39.583071,32.049373
678,BAH,5,39.145779,32.848159
679,BAH,6,38.703102,33.637022
680,BAH,7,38.255191,34.416121
681,BAH,8,37.802192,35.185620
682,BAH,9,37.344249,35.945687
683,BAH,10,36.881503,36.696492
684,BAH,11,36.414092,37.438206
685,BAH,12,35.942148,38.171005
686,BAH,13,35.465803,38.895063
687,BAH,14,34.985186,39.610557
688,BAH,15,34.500421,40.317663
689,BAH,16,34.011629,41.016560
690,BAH,17,33.518930,41.707424
691,BAH,18,33.022439,42.390433
692,BAH,19,32.522270,43.065763
693,BAH,20,32.018532,43.733590
694,BAH,21,31.511333,44.394089
695,BAH,22,31.000779,45.047434
696,BAH,23,30.486970,45.693798
697,BAH,24,29.970007,46.333352
698,BAH,25,29.449987,46.966266
699,BAH,26,28.927004,47.592708
700,BAH,27,28.401151,48.212844
701,BAH,28,27.872517,48.826839
702,BAH,29,27.341191,49.434856
703,BAH,30,26.807257,50.037056
704,BAH,31,26.270800,50.633598
705,BAL,0,41.275278,28.751944
706,BAL,1,41.188506,29.168919
707,BAL,2,41.100234,29.584780
708,BAL,3,41.010471,29.999515
709,BAL,4,40.919225,30.413113
710,BAL,5,40.826506,30.825561
711,BAL,6,40.732322,31.236849
712,BAL,7,40.636682,31.646965
713,BAL,8,40.539596,32.055898
714,BAL,9,40.441072,32.463639
715,BAL,10,40.341120,32.870179
716,BAL,11,40.239749,33.275506
717,BAL,12,40.136969,33.679614
718,BAL,13,40.032787,34.082492
719,BAL,14,39.927215,34.484134
720,BAL,15,39.820262,34.884530
721,BAL,16,39.711937,35.283675
722,BAL,17,39.602249,35.681559
723,BAL,18,39.491208,36.078178
724,BAL,19,39.378825,36.473524
725,BAL,20,39.265108,36.867592
726,BAL,21,39.150067,37.260375
727,BAL,22,39.033712,37.651870
728,BAL,23,38.916053,38.042070
729,BAL,24,38.797099,38.430971
730,BAL,25,38.676861,38.818569
731,BAL,26,38.555347,39.204860
732,BAL,27,38.432569,39.589841
733,BAL,28,38.308535,39.973508
734,BAL,29,38.183256,40.355859
735,BAL,30,38.056741,40.736890
736,BAL,31,37.929001,41.116600
737,BCN,0,41.275278,28.751944
738,BCN,1,41.372374,27.904233
739,BCN,2,41.463231,27.054070
740,BCN,3,41.547812,26.201604
741,BCN,4,41.626080,25.346987
742,BCN,5,41.698005,24.490378
743,BCN,6,41.763554,23.631936
744,BCN,7,41.822701,22.771823
745,BCN,8,41.875421,21.910207
746,BCN,9,41.921690,21.047256
747,BCN,10,41.961489,20.183139
748,BCN,11,41.994801,19.318031
749,BCN,12,42.021611,18.452105
750,BCN,13,42.041909,17.585537
751,BCN,14,42.055684,16.718505
752,BCN,15,42.062931,15.851185
753,BCN,16,42.063647,14.983757
754,BCN,17,42.057832,14.116398
755,BCN,18,42.045487,13.249287
756,BCN,19,42.026620,12.382603
757,BCN,20,42.001237,11.516521
758,BCN,21,41.969349,10.651218
759,BCN,22,41.930971,9.786869
760,BCN,23,41.886119,8.923648
761,BCN,24,41.834812,8.061724
762,BCN,25,41.777072,7.201268
763,BCN,26,41.712924,6.342445
764,BCN,27,41.642395,5.485420
765,BCN,28,41.565515,4.630353
766,BCN,29,41.482315,3.777402
767,BCN,30,41.392831,2.926721
768,BCN,31,41.297100,2.078460
769,BEG,0,41.275278,28.751944
770,BEG,1,41.398904,28.494671
771,BEG,2,41.521955,28.236420
772,BEG,3,41.644425,27.977187
773,BEG,4,41.766311,27.716969
774,BEG,5,41.887608,27.455763
775,BEG,6,42.008311,27.193566
776,BEG,7,42.128414,26.930374
777,BEG,8,42.247914,26.666185
778,BEG,9,42.366805,26.400996
779,BEG,10,42.485083,26.134803
780,BEG,11,42.602743,25.867605
781,BEG,12,42.719779,25.599398
782,BEG,13,42.836187,25.330180
783,BEG,14,42.951963,25.059949
784,BEG,15,43.067100,24.788702
785,BEG,16,43.181594,24.516437
786,BEG,17,43.295440,24.243152
787,BEG,18,43.408633,23.968845
788,BEG,19,43.521168,23.693513
789,BEG,20,43.633040,23.417156
790,BEG,21,43.744244,23.139770
791,BEG,22,43.854774,22.861356
792,BEG,23,43.964626,22.581910
793,BEG,24,44.073795,22.301433
794,BEG,25,44.182275,22.019922
795,BEG,26,44.290061,21.737376
796,BEG,27,44.397148,21.453795
797,BEG,28,44.503530,21.169177
798,BEG,29,44.609204,20.883523
799,BEG,30,44.714162,20.596830
800,BEG,31,44.818401,20.309099
801,BEN,0,41.275278,28.751944
802,BEN,1,40.989467,28.443939
803,BEN,2,40.702843,28.138597
804,BEN,3,40.415422,27.835874
805,BEN,4,40.127218,27.535731
806,BEN,5,39.838245,27.238125
807,BEN,6,39.548519,26.943017
808,BEN,7,39.258053,26.650366
809,BEN,8,38.966860,26.360133
810,BEN,9,38.674954,26.072280
811,BEN,10,38.382348,25.786767
812,BEN,11,38.089056,25.503558
813,BEN,12,37.795089,25.222614
814,BEN,13,37.500461,24.943900
815,BEN,14,37.205183,24.667380
816,BEN,15,36.909267,24.393017
817,BEN,16,36.612725,24.120776
818,BEN,17,36.315568,23.850624
819,BEN,18,36.017809,23.582526
820,BEN,19,35.719457,23.316447
821,BEN,20,35.420524,23.052356
822,BEN,21,35.121020,22.790220
823,BEN,22,34.820956,22.530005
824,BEN,23,34.520342,22.271682
825,BEN,24,34.219188,22.015217
826,BEN,25,33.917504,21.760582
827,BEN,26,33.615300,21.507744
828,BEN,27,33.312585,21.256676
829,BEN,28,33.009369,21.007345
830,BEN,29,32.705660,20.759725
831,BEN,30,32.401468,20.513786
832,BEN,31,32.096802,20.269501
833,BEY,0,41.275278,28.751944
834,BEY,1,41.041240,28.991772
835,BEY,2,40.806709,29.229899
836,BEY,3,40.571692,29.466346
837,BEY,4,40.336195,29.701137
838,BEY,5,40.100228,29.934293
839,BEY,6,39.863796,30.165836
840,BEY,7,39.626907,30.395787
841,BEY,8,39.389568,30.624168
842,BEY,9,39.151785,30.850999
843,BEY,10,38.913566,31.076300
844,BEY,11,38.674917,31.300093
845,BEY,12,38.435844,31.522397
846,BEY,13,38.196353,31.743233
847,BEY,14,37.956452,31.962619
848,BEY,15,37.716146,32.180576
849,BEY,16,37.475442,32.397122
850,BEY,17,37.234344,32.612277
851,BEY,18,36.992860,32.826059
852,BEY,19,36.750996,33.038487
853,BEY,20,36.508755,33.249578
854,BEY,21,36.266146,33.459352
855,BEY,22,36.023172,33.667825
856,BEY,23,35.779840,33.875015
857,BEY,24,35.536154,34.080940
858,BEY,25,35.292121,34.285617
859,BEY,26,35.047745,34.489063
860,BEY,27,34.803031,34.691294
861,BEY,28,34.557985,34.892327
862,BEY,29,34.312611,35.092178
863,BEY,30,34.066914,35.290864
864,BEY,31,33.820900,35.488400
865,BGG,0,41.275278,28.751944
866,BGG,1,41.216647,29.146399
867,BGG,2,41.156671,29.540139
868,BGG,3,41.095358,29.933151
869,BGG,4,41.032712,30.325422
870,BGG,5,40.968738,30.716940
871,BGG,6,40.903443,31.107691
872,BGG,7,40.836831,31.497664
873,BGG,8,40.768909,31.886846
874,BGG,9,40.699682,32.275226
875,BGG,10,40.629156,32.662792
876,BGG,11,40.557338,33.049532
877,BGG,12,40.484232,33.435436
878,BGG,13,40.409846,33.820494
879,BGG,14,40.334186,34.204693
880,BGG,15,40.257257,34.588025
881,BGG,16,40.179066,34.970479
882,BGG,17,40.099620,35.352046
883,BGG,18,40.018925,35.732716
884,BGG,19,39.936987,36.112479
885,BGG,20,39.853814,36.491327
886,BGG,21,39.769411,36.869252
887,BGG,22,39.683785,37.246244
888,BGG,23,39.596943,37.622296
889,BGG,24,39.508892,37.997400
890,BGG,25,39.419639,38.371547
891,BGG,26,39.329191,38.744731
892,BGG,27,39.237554,39.116945
893,BGG,28,39.144735,39.488182
894,BGG,29,39.050742,39.858434
895,BGG,30,38.955582,40.227697
896,BGG,31,38.859261,40.595963
897,BGW,0,41.275278,28.751944
898,BGW,1,41.050886,29.305022
899,BGW,2,40.823869,29.854319
900,BGW,3,40.594263,30.399847
901,BGW,4,40.362110,30.941620
902,BGW,5,40.127445,31.479654
903,BGW,6,39.890308,32.013967
904,BGW,7,39.650737,32.544578
905,BGW,8,39.408767,33.071505
906,BGW,9,39.164438,33.594770
907,BGW,10,38.917784,34.114395
908,BGW,11,38.668843,34.630405
909,BGW,12,38.417651,35.142822
910,BGW,13,38.164243,35.651672
911,BGW,14,37.908655,36.156983
912,BGW,15,37.650921,36.658780
913,BGW,16,37.391077,37.157092
914,BGW,17,37.129156,37.651948
915,BGW,18,36.865193,38.143377
916,BGW,19,36.599221,38.631409
917,BGW,20,36.331272,39.116076
918,BGW,21,36.061380,39.597408
919,BGW,22,35.789577,40.075438
920,BGW,23,35.515895,40.550198
921,BGW,24,35.240366,41.021721
922,BGW,25,34.963020,41.490041
923,BGW,26,34.683889,41.955191
924,BGW,27,34.403003,42.417205
925,BGW,28,34.120392,42.876119
926,BGW,29,33.836085,43.331965
927,BGW,30,33.550111,43.784781
928,BGW,31,33.262501,44.234600
929,BHX,0,41.275278,28.751944
930,BHX,1,41.746820,27.964001
931,BHX,2,42.212901,27.164465
932,BHX,3,42.673346,26.353115
933,BHX,4,43.127981,25.529729
934,BHX,5,43.576624,24.694094
935,BHX,6,44.019090,23.846001
936,BHX,7,44.455189,22.985248
937,BHX,8,44.884727,22.111640
938,BHX,9,45.307505,21.224993
939,BHX,10,45.723321,20.325131
940,BHX,11,46.131967,19.411890
941,BHX,12,46.533233,18.485121
942,BHX,13,46.926903,17.544687
943,BHX,14,47.312760,16.590467
944,BHX,15,47.690580,15.622358
945,BHX,16,48.060140,14.640276
946,BHX,17,48.421211,13.644157
947,BHX,18,48.773563,12.633958
948,BHX,19,49.116963,11.609664
949,BHX,20,49.451175,10.571280
950,BHX,21,49.775966,9.518843
951,BHX,22,50.091097,8.452417
952,BHX,23,50.396332,7.372096
953,BHX,24,50.691434,6.278008
954,BHX,25,50.976167,5.170313
955,BHX,26,51.250297,4.049207
956,BHX,27,51.513592,2.914922
957,BHX,28,51.765823,1.767728
958,BHX,29,52.006764,0.607933
959,BHX,30,52.236195,-0.564115
960,BHX,31,52.453899,-1.748030
961,BIO,0,41.275278,28.751944
962,BIO,1,41.474214,27.782937
963,BIO,2,41.664968,26.808088
964,BIO,3,41.847437,25.827571
965,BIO,4,42.021520,24.841574
966,BIO,5,42.187119,23.850297
967,BIO,6,42.344140,22.853948
968,BIO,7,42.492493,21.852748
969,BIO,8,42.632092,20.846927
970,BIO,9,42.762853,19.836729
971,BIO,10,42.884699,18.822403
972,BIO,11,42.997557,17.804211
973,BIO,12,43.101357,16.782423
974,BIO,13,43.196037,15.757317
975,BIO,14,43.281537,14.729180
976,BIO,15,43.357803,13.698306
977,BIO,16,43.424789,12.664996
978,BIO,17,43.482452,11.629555
979,BIO,18,43.530754,10.592297
980,BIO,19,43.569666,9.553539
981,BIO,20,43.599163,8.513599
982,BIO,21,43.619224,7.472803
983,BIO,22,43.629838,6.431476
984,BIO,23,43.630998,5.389945
985,BIO,24,43.622703,4.348537
986,BIO,25,43.604958,3.307580
987,BIO,26,43.577774,2.267401
988,BIO,27,43.541170,1.228322
989,BIO,28,43.495168,0.190667
990,BIO,29,43.439798,-0.845248
991,BIO,30,43.375096,-1.879110
992,BIO,31,43.301102,-2.910610
993,BJV,0,41.275278,28.751944
994,BJV,1,41.145614,28.714828
995,BJV,2,41.015938,28.677858
996,BJV,3,40.886251,28.641034
997,BJV,4,40.756551,28.604353
998,BJV,5,40.626840,28.567816
999,BJV,6,40.497118,28.531420
1000,BJV,7,40.367384,28.495164
1001,BJV,8,40.237639,28.459048
1002,BJV,9,40.107883,28.423070
1003,BJV,10,39.978116,28.387229
1004,BJV,11,39.848338,28.351524
1005,BJV,12,39.718549,28.315954
1006,BJV,13,39.588749,28.280517
1007,BJV,14,39.458938,28.245213
1008,BJV,15,39.329117,28.210040
1009,BJV,16,39.199285,28.174998
1010,BJV,17,39.069442,28.140085
1011,BJV,18,38.939590,28.105300
1012,BJV,19,38.809727,28.070642
1013,BJV,20,38.679854,28.036111
1014,BJV,21,38.549970,28.001704
1015,BJV,22,38.420077,27.967422
1016,BJV,23,38.290174,27.933263
1017,BJV,24,38.160261,27.899226
1018,BJV,25,38.030338,27.865309
1019,BJV,26,37.900405,27.831513
1020,BJV,27,37.770463,27.797836
1021,BJV,28,37.640511,27.764278
1022,BJV,29,37.510550,27.730836
1023,BJV,30,37.380579,27.697511
1024,BJV,31,37.250599,27.664301
1025,BKK,0,41.275278,28.751944
1026,BKK,1,41.190949,31.647798
1027,BKK,2,41.034326,34.533018
1028,BKK,3,40.806148,37.401430
1029,BKK,4,40.507477,40.247169
1030,BKK,5,40.139670,43.064779
1031,BKK,6,39.704360,45.849293
1032,BKK,7,39.203418,48.596294
1033,BKK,8,38.638922,51.301957
1034,BKK,9,38.013121,53.963071
1035,BKK,10,37.328400,56.577043
1036,BKK,11,36.587245,59.141889
1037,BKK,12,35.792213,61.656203
1038,BKK,13,34.945900,64.119128
1039,BKK,14,34.050915,66.530308
1040,BKK,15,33.109858,68.889840
1041,BKK,16,32.125300,71.198229
1042,BKK,17,31.099766,73.456327
1043,BKK,18,30.035726,75.665296
1044,BKK,19,28.935576,77.826549
1045,BKK,20,27.801641,79.941715
1046,BKK,21,26.636164,82.012594
1047,BKK,22,25.441305,84.041126
1048,BKK,23,24.219138,86.029356
1049,BKK,24,22.971654,87.979408
1050,BKK,25,21.700763,89.893464
1051,BKK,26,20.408292,91.773742
1052,BKK,27,19.095993,93.622483
1053,BKK,28,17.765546,95.441935
1054,BKK,29,16.418560,97.234349
1055,BKK,30,15.056582,99.001962
1056,BKK,31,13.681100,100.747002
1057,BLL,0,41.275278,28.751944
1058,BLL,1,41.785354,28.274887
1059,BLL,2,42.293424,27.790194
1060,BLL,3,42.799421,27.297633
1061,BLL,4,43.303271,26.796967
1062,BLL,5,43.804902,26.287951
1063,BLL,6,44.304235,25.770333
1064,BLL,7,44.801191,25.243856
1065,BLL,8,45.295686,24.708254
1066,BLL,9,45.787634,24.163252
1067,BLL,10,46.276944,23.608571
1068,BLL,11,46.763525,23.043923
1069,BLL,12,47.247277,22.469012
1070,BLL,13,47.728102,21.883536
1071,BLL,14,48.205893,21.287183
1072,BLL,15,48.680542,20.679637
1073,BLL,16,49.151935,20.060572
1074,BLL,17,49.619957,19.429655
1075,BLL,18,50.084483,18.786548
1076,BLL,19,50.545387,18.130902
1077,BLL,20,51.002537,17.462367
1078,BLL,21,51.455797,16.780583
1079,BLL,22,51.905024,16.085184
1080,BLL,23,52.350070,15.375802
1081,BLL,24,52.790782,14.652061
1082,BLL,25,53.227002,13.913583
1083,BLL,26,53.658564,13.159986
1084,BLL,27,54.085296,12.390886
1085,BLL,28,54.507023,11.605900
1086,BLL,29,54.923560,10.804642
1087,BLL,30,55.334718,9.986728
1088,BLL,31,55.740299,9.151780
1089,BLQ,0,41.275278,28.751944
1090,BLQ,1,41.420508,28.220029
1091,BLQ,2,41.563277,27.685749
1092,BLQ,3,41.703562,27.149125
1093,BLQ,4,41.841340,26.610174
1094,BLQ,5,41.976587,26.068919
1095,BLQ,6,42.109282,25.525382
1096,BLQ,7,42.239400,24.979587
1097,BLQ,8,42.366921,24.431559
1098,BLQ,9,42.491821,23.881325
1099,BLQ,10,42.614079,23.328912
1100,BLQ,11,42.733673,22.774349
1101,BLQ,12,42.850581,22.217668
1102,BLQ,13,42.964782,21.658900
1103,BLQ,14,43.076256,21.098078
1104,BLQ,15,43.184980,20.535238
1105,BLQ,16,43.290937,19.970414
1106,BLQ,17,43.394104,19.403645
1107,BLQ,18,43.494463,18.834970
1108,BLQ,19,43.591995,18.264428
1109,BLQ,20,43.686681,17.692061
1110,BLQ,21,43.778501,17.117911
1111,BLQ,22,43.867439,16.542024
1112,BLQ,23,43.953476,15.964443
1113,BLQ,24,44.036596,15.385216
1114,BLQ,25,44.116781,14.804390
1115,BLQ,26,44.194016,14.222015
1116,BLQ,27,44.268284,13.638141
1117,BLQ,28,44.339571,13.052819
1118,BLQ,29,44.407863,12.466103
1119,BLQ,30,44.473143,11.878045
1120,BLQ,31,44.535400,11.288700
1121,BOM,0,41.275278,28.751944
1122,BOM,1,40.850334,30.524718
1123,BOM,2,40.398606,32.274193
1124,BOM,3,39.920870,33.999685
1125,BOM,4,39.417920,35.700644
1126,BOM,5,38.890561,37.376649
1127,BOM,6,38.339602,39.027405
1128,BOM,7,37.765858,40.652734
1129,BOM,8,37.170140,42.252566
1130,BOM,9,36.553256,43.826932
1131,BOM,10,35.916007,45.375956
1132,BOM,11,35.259185,46.899848
1133,BOM,12,34.583567,48.398891
1134,BOM,13,33.889921,49.873439
1135,BOM,14,33.178995,51.323906
1136,BOM,15,32.451523,52.750759
1137,BOM,16,31.708222,54.154511
1138,BOM,17,30.949790,55.535715
1139,BOM,18,30.176905,56.894960
1140,BOM,19,29.390227,58.232861
1141,BOM,20,28.590398,59.550057
1142,BOM,21,27.778037,60.847208
1143,BOM,22,26.953748,62.124988
1144,BOM,23,26.118114,63.384081
1145,BOM,24,25.271700,64.625181
1146,BOM,25,24.415051,65.848987
1147,BOM,26,23.548698,67.056200
1148,BOM,27,22.673151,68.247522
1149,BOM,28,21.788906,69.423656
1150,BOM,29,20.896442,70.585301
1151,BOM,30,19.996223,71.733151
1152,BOM,31,19.088699,72.867897
1153,BRE,0,41.275278,28.751944
1154,BRE,1,41.702159,28.235490
1155,BRE,2,42.126698,27.712151
1156,BRE,3,42.548826,27.181772
1157,BRE,4,42.968475,26.644191
1158,BRE,5,43.385575,26.099248
1159,BRE,6,43.800051,25.546777
1160,BRE,7,44.211828,24.986612
1161,BRE,8,44.620830,24.418587
1162,BRE,9,45.026977,23.842529
1163,BRE,10,45.430186,23.258269
1164,BRE,11,45.830374,22.665633
1165,BRE,12,46.227455,22.064446
1166,BRE,13,46.621338,21.454534
1167,BRE,14,47.011933,20.835720
1168,BRE,15,47.399145,20.207828
1169,BRE,16,47.782879,19.570681
1170,BRE,17,48.163034,18.924101
1171,BRE,18,48.539509,18.267914
1172,BRE,19,48.912199,17.601943
1173,BRE,20,49.280998,16.926014
1174,BRE,21,49.645795,16.239954
1175,BRE,22,50.006477,15.543595
1176,BRE,23,50.362930,14.836768
1177,BRE,24,50.715034,14.119310
1178,BRE,25,51.062669,13.391060
1179,BRE,26,51.405710,12.651864
1180,BRE,27,51.744032,11.901571
1181,BRE,28,52.077506,11.140038
1182,BRE,29,52.405998,10.367128
1183,BRE,30,52.729376,9.582712
1184,BRE,31,53.047501,8.786670
1185,BRU,0,41.275278,28.751944
1186,BRU,1,41.657637,28.098502
1187,BRU,2,42.036252,27.437294
1188,BRU,3,42.411026,26.768200
1189,BRU,4,42.781863,26.091105
1190,BRU,5,43.148663,25.405895
1191,BRU,6,43.511325,24.712458
1192,BRU,7,43.869746,24.010687
1193,BRU,8,44.223821,23.300476
1194,BRU,9,44.573443,22.581725
1195,BRU,10,44.918503,21.854337
1196,BRU,11,45.258890,21.118219
1197,BRU,12,45.594492,20.373286
1198,BRU,13,45.925194,19.619455
1199,BRU,14,46.250881,18.856652
1200,BRU,15,46.571434,18.084808
1201,BRU,16,46.886735,17.303861
1202,BRU,17,47.196663,16.513759
1203,BRU,18,47.501096,15.714456
1204,BRU,19,47.799910,14.905916
1205,BRU,20,48.092982,14.088112
1206,BRU,21,48.380185,13.261027
1207,BRU,22,48.661392,12.424656
1208,BRU,23,48.936478,11.579002
1209,BRU,24,49.205314,10.724084
1210,BRU,25,49.467772,9.859930
1211,BRU,26,49.723724,8.986584
1212,BRU,27,49.973040,8.104102
1213,BRU,28,50.215594,7.212554
1214,BRU,29,50.451257,6.312024
1215,BRU,30,50.679901,5.402614
1216,BRU,31,50.901402,4.484440
1217,BSL,0,41.275278,28.751944
1218,BSL,1,41.536273,28.140859
1219,BSL,2,41.794007,27.524854
1220,BSL,3,42.048423,26.903906
1221,BSL,4,42.299466,26.277999
1222,BSL,5,42.547079,25.647115
1223,BSL,6,42.791203,25.011241
1224,BSL,7,43.031781,24.370369
1225,BSL,8,43.268756,23.724490
1226,BSL,9,43.502069,23.073602
1227,BSL,10,43.731661,22.417704
1228,BSL,11,43.957474,21.756800
1229,BSL,12,44.179449,21.090896
1230,BSL,13,44.397526,20.420004
1231,BSL,14,44.611648,19.744138
1232,BSL,15,44.821754,19.063318
1233,BSL,16,45.027786,18.377565
1234,BSL,17,45.229685,17.686908
1235,BSL,18,45.427392,16.991378
1236,BSL,19,45.620848,16.291012
1237,BSL,20,45.809996,15.585850
1238,BSL,21,45.994776,14.875939
1239,BSL,22,46.175132,14.161328
1240,BSL,23,46.351006,13.442072
1241,BSL,24,46.522341,12.718234
1242,BSL,25,46.689083,11.989877
1243,BSL,26,46.851174,11.257072
1244,BSL,27,47.008561,10.519895
1245,BSL,28,47.161189,9.778428
1246,BSL,29,47.309007,9.032755
1247,BSL,30,47.451960,8.282969
1248,BSL,31,47.590000,7.529167
1249,BSR,0,41.275278,28.751944
1250,BSR,1,40.980736,29.447445
1251,BSR,2,40.682052,30.136718
1252,BSR,3,40.379306,30.819800
1253,BSR,4,40.072577,31.496731
1254,BSR,5,39.761943,32.167553
1255,BSR,6,39.447483,32.832313
1256,BSR,7,39.129273,33.491061
1257,BSR,8,38.807388,34.143849
1258,BSR,9,38.481904,34.790733
1259,BSR,10,38.152895,35.431768
1260,BSR,11,37.820433,36.067017
1261,BSR,12,37.484590,36.696539
1262,BSR,13,37.145437,37.320400
1263,BSR,14,36.803044,37.938664
1264,BSR,15,36.457479,38.551399
1265,BSR,16,36.108811,39.158673
1266,BSR,17,35.757105,39.760556
1267,BSR,18,35.402427,40.357120
1268,BSR,19,35.044842,40.948436
1269,BSR,20,34.684413,41.534578
1270,BSR,21,34.321203,42.115618
1271,BSR,22,33.955272,42.691633
1272,BSR,23,33.586682,43.262697
1273,BSR,24,33.215491,43.828885
1274,BSR,25,32.841758,44.390273
1275,BSR,26,32.465539,44.946939
1276,BSR,27,32.086892,45.498958
1277,BSR,28,31.705871,46.046407
1278,BSR,29,31.322530,46.589362
1279,BSR,30,30.936922,47.127902
1280,BSR,31,30.549101,47.662102
1281,BUD,0,41.275278,28.751944
1282,BUD,1,41.485281,28.475561
1283,BUD,2,41.694618,28.197383
1284,BUD,3,41.903280,27.917392
1285,BUD,4,42.111258,27.635568
1286,BUD,5,42.318541,27.351891
1287,BUD,6,42.525121,27.066342
1288,BUD,7,42.730987,26.778902
1289,BUD,8,42.936129,26.489551
1290,BUD,9,43.140538,26.198269
1291,BUD,10,43.344203,25.905037
1292,BUD,11,43.547114,25.609834
1293,BUD,12,43.749260,25.312640
1294,BUD,13,43.950631,25.013436
1295,BUD,14,44.151216,24.712202
1296,BUD,15,44.351004,24.408917
1297,BUD,16,44.549984,24.103562
1298,BUD,17,44.748145,23.796116
1299,BUD,18,44.945475,23.486559
1300,BUD,19,45.141963,23.174871
1301,BUD,20,45.337598,22.861032
1302,BUD,21,45.532368,22.545022
1303,BUD,22,45.726259,22.226821
1304,BUD,23,45.919262,21.906408
1305,BUD,24,46.111363,21.583763
1306,BUD,25,46.302550,21.258867
1307,BUD,26,46.492810,20.931699
1308,BUD,27,46.682130,20.602239
1309,BUD,28,46.870499,20.270469
1310,BUD,29,47.057902,19.936367
1311,BUD,30,47.244327,19.599915
1312,BUD,31,47.429760,19.261093
1313,BUS,0,41.275278,28.751944
1314,BUS,1,41.308336,29.162947
1315,BUS,2,41.339930,29.574358
1316,BUS,3,41.370058,29.986159
1317,BUS,4,41.398717,30.398333
1318,BUS,5,41.425904,30.810860
1319,BUS,6,41.451616,31.223724
1320,BUS,7,41.475850,31.636906
1321,BUS,8,41.498605,32.050388
1322,BUS,9,41.519878,32.464150
1323,BUS,10,41.539667,32.878176
1324,BUS,11,41.557971,33.292445
1325,BUS,12,41.574786,33.706939
1326,BUS,13,41.590112,34.121640
1327,BUS,14,41.603948,34.536528
1328,BUS,15,41.616291,34.951585
1329,BUS,16,41.627141,35.366790
1330,BUS,17,41.636496,35.782126
1331,BUS,18,41.644356,36.197573
1332,BUS,19,41.650720,36.613112
1333,BUS,20,41.655586,37.028723
1334,BUS,21,41.658956,37.444387
1335,BUS,22,41.660828,37.860085
1336,BUS,23,41.661202,38.275797
1337,BUS,24,41.660078,38.691505
1338,BUS,25,41.657456,39.107189
1339,BUS,26,41.653337,39.522828
1340,BUS,27,41.647721,39.938406
1341,BUS,28,41.640608,40.353901
1342,BUS,29,41.631999,40.769294
1343,BUS,30,41.621896,41.184568
1344,BUS,31,41.610298,41.599701
1345,CAI,0,41.275278,28.751944
1346,CAI,1,40.916503,28.850536
1347,CAI,2,40.557646,28.948063
1348,CAI,3,40.198707,29.044549
1349,CAI,4,39.839689,29.140020
1350,CAI,5,39.480594,29.234497
1351,CAI,6,39.121422,29.328004
1352,CAI,7,38.762177,29.420562
1353,CAI,8,38.402860,29.512193
1354,CAI,9,38.043472,29.602917
1355,CAI,10,37.684015,29.692755
1356,CAI,11,37.324490,29.781726
1357,CAI,12,36.964900,29.869850
1358,CAI,13,36.605245,29.957145
1359,CAI,14,36.245527,30.043629
1360,CAI,15,35.885747,30.129321
1361,CAI,16,35.525907,30.214238
1362,CAI,17,35.166008,30.298397
1363,CAI,18,34.806051,30.381814
1364,CAI,19,34.446038,30.464506
1365,CAI,20,34.085970,30.546488
1366,CAI,21,33.725847,30.627775
1367,CAI,22,33.365672,30.708383
1368,CAI,23,33.005445,30.788327
1369,CAI,24,32.645168,30.867620
1370,CAI,25,32.284841,30.946276
1371,CAI,26,31.924466,31.024310
1372,CAI,27,31.564044,31.101735
1373,CAI,28,31.203575,31.178564
1374,CAI,29,30.843061,31.254809
1375,CAI,30,30.482502,31.330484
1376,CAI,31,30.121901,31.405600
1377,CAN,0,41.275278,28.751944
1378,CAN,1,41.820229,31.719435
1379,CAN,2,42.287560,34.734189
1380,CAN,3,42.674822,37.790103
1381,CAN,4,42.979913,40.880236
1382,CAN,5,43.201131,43.996922
1383,CAN,6,43.337212,47.131904
1384,CAN,7,43.387369,50.276511
1385,CAN,8,43.351310,53.421850
1386,CAN,9,43.229244,56.559008
1387,CAN,10,43.021879,59.679265
1388,CAN,11,42.730404,62.774284
1389,CAN,12,42.356450,65.836291
1390,CAN,13,41.902059,68.858219
1391,CAN,14,41.369625,71.833823
1392,CAN,15,40.761848,74.757750
1393,CAN,16,40.081670,77.625584
1394,CAN,17,39.332222,80.433847
1395,CAN,18,38.516771,83.179975
1396,CAN,19,37.638664,85.862269
1397,CAN,20,36.701285,88.479827
1398,CAN,21,35.708016,91.032469
1399,CAN,22,34.662201,93.520652
1400,CAN,23,33.567121,95.945380
1401,CAN,24,32.425968,98.308123
1402,CAN,25,31.241835,100.610735
1403,CAN,26,30.017696,102.855382
1404,CAN,27,28.756407,105.044473
1405,CAN,28,27.460694,107.180605
1406,CAN,29,26.133159,109.266510
1407,CAN,30,24.776277,111.305015
1408,CAN,31,23.392401,113.299004
1409,CDG,0,41.275278,28.751944
1410,CDG,1,41.610745,28.021439
1411,CDG,2,41.941539,27.283351
1412,CDG,3,42.267557,26.537620
1413,CDG,4,42.588694,25.784195
1414,CDG,5,42.904844,25.023027
1415,CDG,6,43.215900,24.254076
1416,CDG,7,43.521753,23.477306
1417,CDG,8,43.822295,22.692689
1418,CDG,9,44.117415,21.900205
1419,CDG,10,44.407002,21.099840
1420,CDG,11,44.690946,20.291589
1421,CDG,12,44.969133,19.475455
1422,CDG,13,45.241451,18.651451
1423,CDG,14,45.507787,17.819597
1424,CDG,15,45.768029,16.979926
1425,CDG,16,46.022063,16.132477
1426,CDG,17,46.269776,15.277302
1427,CDG,18,46.511056,14.414464
1428,CDG,19,46.745791,13.544036
1429,CDG,20,46.973870,12.666103
1430,CDG,21,47.195181,11.780762
1431,CDG,22,47.409616,10.888121
1432,CDG,23,47.617065,9.988301
1433,CDG,24,47.817423,9.081436
1434,CDG,25,48.010584,8.167672
1435,CDG,26,48.196446,7.247168
1436,CDG,27,48.374905,6.320094
1437,CDG,28,48.545865,5.386637
1438,CDG,29,48.709229,4.446993
1439,CDG,30,48.864904,3.501373
1440,CDG,31,49.012798,2.550000
1441,CGN,0,41.275278,28.751944
1442,CGN,1,41.641642,28.167856
1443,CGN,2,42.005016,27.577115
1444,CGN,3,42.365326,26.979617
1445,CGN,4,42.722498,26.375256
1446,CGN,5,43.076456,25.763927
1447,CGN,6,43.427123,25.145528
1448,CGN,7,43.774419,24.519958
1449,CGN,8,44.118263,23.887116
1450,CGN,9,44.458573,23.246903
1451,CGN,10,44.795264,22.599224
1452,CGN,11,45.128253,21.943986
1453,CGN,12,45.457451,21.281096
1454,CGN,13,45.782770,20.610467
1455,CGN,14,46.104120,19.932014
1456,CGN,15,46.421409,19.245655
1457,CGN,16,46.734544,18.551314
1458,CGN,17,47.043431,17.848919
1459,CGN,18,47.347974,17.138400
1460,CGN,19,47.648075,16.419695
1461,CGN,20,47.943637,15.692746
1462,CGN,21,48.234558,14.957503
1463,CGN,22,48.520739,14.213920
1464,CGN,23,48.802077,13.461960
1465,CGN,24,49.078469,12.701591
1466,CGN,25,49.349811,11.932790
1467,CGN,26,49.615998,11.155544
1468,CGN,27,49.876925,10.369845
1469,CGN,28,50.132486,9.575697
1470,CGN,29,50.382573,8.773113
1471,CGN,30,50.627079,7.962116
1472,CGN,31,50.865898,7.142740
1473,CMN,0,41.275278,28.751944
1474,CMN,1,41.209445,27.479684
1475,CMN,2,41.129640,26.210253
1476,CMN,3,41.035937,24.944174
1477,CMN,4,40.928420,23.681958
1478,CMN,5,40.807187,22.424105
1479,CMN,6,40.672347,21.171096
1480,CMN,7,40.524017,19.923396
1481,CMN,8,40.362329,18.681453
1482,CMN,9,40.187422,17.445696
1483,CMN,10,39.999446,16.216531
1484,CMN,11,39.798559,14.994347
1485,CMN,12,39.584926,13.779506
1486,CMN,13,39.358724,12.572351
1487,CMN,14,39.120132,11.373200
1488,CMN,15,38.869340,10.182351
1489,CMN,16,38.606541,9.000073
1490,CMN,17,38.331935,7.826617
1491,CMN,18,38.045726,6.662206
1492,CMN,19,37.748122,5.507043
1493,CMN,20,37.439337,4.361306
1494,CMN,21,37.119584,3.225151
1495,CMN,22,36.789082,2.098713
1496,CMN,23,36.448052,0.982105
1497,CMN,24,36.096714,-0.124583
1498,CMN,25,35.735292,-1.221279
1499,CMN,26,35.364009,-2.307931
1500,CMN,27,34.983088,-3.384505
1501,CMN,28,34.592754,-4.450986
1502,CMN,29,34.193230,-5.507376
1503,CMN,30,33.784739,-6.553693
1504,CMN,31,33.367500,-7.589970
1505,CND,0,41.275278,28.751944
1506,CND,1,41.374865,28.743837
1507,CND,2,41.474452,28.735706
1508,CND,3,41.574038,28.727550
1509,CND,4,41.673624,28.719368
1510,CND,5,41.773209,28.711161
1511,CND,6,41.872793,28.702928
1512,CND,7,41.972377,28.694670
1513,CND,8,42.071960,28.686386
1514,CND,9,42.171543,28.678076
1515,CND,10,42.271125,28.669740
1516,CND,11,42.370707,28.661377
1517,CND,12,42.470287,28.652988
1518,CND,13,42.569868,28.644572
1519,CND,14,42.669447,28.636129
1520,CND,15,42.769026,28.627659
1521,CND,16,42.868604,28.619161
1522,CND,17,42.968182,28.610637
1523,CND,18,43.067759,28.602084
1524,CND,19,43.167336,28.593504
1525,CND,20,43.266912,28.584896
1526,CND,21,43.366487,28.576259
1527,CND,22,43.466061,28.567594
1528,CND,23,43.565635,28.558901
1529,CND,24,43.665208,28.550179
1530,CND,25,43.764781,28.541428
1531,CND,26,43.864353,28.532647
1532,CND,27,43.963924,28.523837
1533,CND,28,44.063494,28.514998
1534,CND,29,44.163064,28.506129
1535,CND,30,44.262633,28.497230
1536,CND,31,44.362202,28.488300
1537,CPH,0,41.275278,28.751944
1538,CPH,1,41.767324,28.357675
1539,CPH,2,42.258002,27.957321
1540,CPH,3,42.747266,27.550696
1541,CPH,4,43.235068,27.137610
1542,CPH,5,43.721360,26.717869
1543,CPH,6,44.206091,26.291269
1544,CPH,7,44.689208,25.857601
1545,CPH,8,45.170656,25.416651
1546,CPH,9,45.650379,24.968196
1547,CPH,10,46.128317,24.512006
1548,CPH,11,46.604409,24.047847
1549,CPH,12,47.078590,23.575473
1550,CPH,13,47.550794,23.094634
1551,CPH,14,48.020952,22.605071
1552,CPH,15,48.488992,22.106516
1553,CPH,16,48.954838,21.598694
1554,CPH,17,49.418414,21.081322
1555,CPH,18,49.879638,20.554107
1556,CPH,19,50.338425,20.016750
1557,CPH,20,50.794688,19.468942
1558,CPH,21,51.248335,18.910363
1559,CPH,22,51.699270,18.340688
1560,CPH,23,52.147395,17.759580
1561,CPH,24,52.592607,17.166696
1562,CPH,25,53.034798,16.561682
1563,CPH,26,53.473856,15.944176
1564,CPH,27,53.909664,15.313807
1565,CPH,28,54.342101,14.670196
1566,CPH,29,54.771042,14.012956
1567,CPH,30,55.196354,13.341691
1568,CPH,31,55.617901,12.656000
1569,CZL,0,41.275278,28.751944
1570,CZL,1,41.182688,27.993798
1571,CZL,2,41.085141,27.237850
1572,CZL,3,40.982668,26.484199
1573,CZL,4,40.875303,25.732942
1574,CZL,5,40.763080,24.984173
1575,CZL,6,40.646033,24.237982
1576,CZL,7,40.524201,23.494457
1577,CZL,8,40.397621,22.753683
1578,CZL,9,40.266332,22.015740
1579,CZL,10,40.130374,21.280707
1580,CZL,11,39.989788,20.548659
1581,CZL,12,39.844615,19.819666
1582,CZL,13,39.694900,19.093798
1583,CZL,14,39.540684,18.371119
1584,CZL,15,39.382014,17.651690
1585,CZL,16,39.218934,16.935570
1586,CZL,17,39.051490,16.222814
1587,CZL,18,38.879729,15.513472
1588,CZL,19,38.703697,14.807594
1589,CZL,20,38.523443,14.105224
1590,CZL,21,38.339014,13.406404
1591,CZL,22,38.150460,12.711172
1592,CZL,23,37.957829,12.019565
1593,CZL,24,37.761170,11.331613
1594,CZL,25,37.560534,10.647346
1595,CZL,26,37.355971,9.966791
1596,CZL,27,37.147530,9.289969
1597,CZL,28,36.935261,8.616903
1598,CZL,29,36.719217,7.947608
1599,CZL,30,36.499446,7.282100
1600,CZL,31,36.276001,6.620390
1601,DAC,0,41.275278,28.751944
1602,DAC,1,41.289415,31.053692
1603,DAC,2,41.257707,33.354820
1604,DAC,3,41.180251,35.652106
1605,DAC,4,41.057277,37.942375
1606,DAC,5,40.889154,40.222533
1607,DAC,6,40.676374,42.489607
1608,DAC,7,40.419554,44.740772
1609,DAC,8,40.119426,46.973381
1610,DAC,9,39.776824,49.184991
1611,DAC,10,39.392679,51.373376
1612,DAC,11,38.968006,53.536544
1613,DAC,12,38.503891,55.672745
1614,DAC,13,38.001485,57.780475
1615,DAC,14,37.461986,59.858474
1616,DAC,15,36.886636,61.905726
1617,DAC,16,36.276704,63.921445
1618,DAC,17,35.633480,65.905069
1619,DAC,18,34.958267,67.856247
1620,DAC,19,34.252370,69.774822
1621,DAC,20,33.517089,71.660819
1622,DAC,21,32.753717,73.514428
1623,DAC,22,31.963530,75.335988
1624,DAC,23,31.147783,77.125968
1625,DAC,24,30.307709,78.884957
1626,DAC,25,29.444512,80.613647
1627,DAC,26,28.559367,82.312816
1628,DAC,27,27.653421,83.983319
1629,DAC,28,26.727784,85.626075
1630,DAC,29,25.783534,87.242056
1631,DAC,30,24.821718,88.832276
1632,DAC,31,23.843347,90.397783
1633,DAR,0,41.275278,28.751944
1634,DAR,1,39.736013,29.242600
1635,DAR,2,38.194773,29.711800
1636,DAR,3,36.651743,30.161537
1637,DAR,4,35.107088,30.593591
1638,DAR,5,33.560959,31.009561
1639,DAR,6,32.013486,31.410890
1640,DAR,7,30.464792,31.798882
1641,DAR,8,28.914986,32.174723
1642,DAR,9,27.364168,32.539491
1643,DAR,10,25.812427,32.894176
1644,DAR,11,24.259848,33.239684
1645,DAR,12,22.706508,33.576850
1646,DAR,13,21.152476,33.906450
1647,DAR,14,19.597820,34.229200
1648,DAR,15,18.042601,34.545771
1649,DAR,16,16.486875,34.856791
1650,DAR,17,14.930697,35.162850
1651,DAR,18,13.374119,35.464506
1652,DAR,19,11.817187,35.762289
1653,DAR,20,10.259948,36.056704
1654,DAR,21,8.702447,36.348235
1655,DAR,22,7.144727,36.637350
1656,DAR,23,5.586827,36.924500
1657,DAR,24,4.028788,37.210126
1658,DAR,25,2.470650,37.494660
1659,DAR,26,0.912452,37.778526
1660,DAR,27,-0.645769,38.062147
1661,DAR,28,-2.203974,38.345942
1662,DAR,29,-3.762125,38.630332
1663,DAR,30,-5.320184,38.915741
1664,DAR,31,-6.878110,39.202599
1665,DEL,0,41.275278,28.751944
1666,DEL,1,41.210153,30.511080
1667,DEL,2,41.118320,32.266002
1668,DEL,3,40.999939,34.015312
1669,DEL,4,40.855216,35.757655
1670,DEL,5,40.684399,37.491721
1671,DEL,6,40.487777,39.216254
1672,DEL,7,40.265681,40.930062
1673,DEL,8,40.018474,42.632024
1674,DEL,9,39.746556,44.321088
1675,DEL,10,39.450357,45.996284
1676,DEL,11,39.130337,47.656721
1677,DEL,12,38.786978,49.301593
1678,DEL,13,38.420788,50.930179
1679,DEL,14,38.032292,52.541839
1680,DEL,15,37.622034,54.136023
1681,DEL,16,37.190568,55.712260
1682,DEL,17,36.738462,57.270162
1683,DEL,18,36.266293,58.809420
1684,DEL,19,35.774642,60.329798
1685,DEL,20,35.264094,61.831137
1686,DEL,21,34.735236,63.313341
1687,DEL,22,34.188656,64.776382
1688,DEL,23,33.624936,66.220291
1689,DEL,24,33.044659,67.645155
1690,DEL,25,32.448399,69.051114
1691,DEL,26,31.836727,70.438353
1692,DEL,27,31.210202,71.807103
1693,DEL,28,30.569378,73.157633
1694,DEL,29,29.914799,74.490247
1695,DEL,30,29.246999,75.805283
1696,DEL,31,28.566500,77.103104
1697,DIY,0,41.275278,28.751944
1698,DIY,1,41.184356,29.138382
1699,DIY,2,41.092146,29.523741
1700,DIY,3,40.998655,29.908012
1701,DIY,4,40.903892,30.291188
1702,DIY,5,40.807865,30.673259
1703,DIY,6,40.710581,31.054219
1704,DIY,7,40.612048,31.434061
1705,DIY,8,40.512274,31.812777
1706,DIY,9,40.411268,32.190360
1707,DIY,10,40.309038,32.566805
1708,DIY,11,40.205591,32.942105
1709,DIY,12,40.100936,33.316255
1710,DIY,13,39.995080,33.689250
1711,DIY,14,39.888033,34.061083
1712,DIY,15,39.779802,34.431750
1713,DIY,16,39.670396,34.801247
1714,DIY,17,39.559822,35.169569
1715,DIY,18,39.448090,35.536713
1716,DIY,19,39.335207,35.902674
1717,DIY,20,39.221182,36.267450
1718,DIY,21,39.106023,36.631036
1719,DIY,22,38.989738,36.993431
1720,DIY,23,38.872336,37.354631
1721,DIY,24,38.753825,37.714635
1722,DIY,25,38.634214,38.073439
1723,DIY,26,38.513510,38.431042
1724,DIY,27,38.391723,38.787444
1725,DIY,28,38.268860,39.142641
1726,DIY,29,38.144930,39.496633
1727,DIY,30,38.019941,39.849420
1728,DIY,31,37.893902,40.201000
1729,DLA,0,41.275278,28.751944
1730,DLA,1,40.123854,27.894376
1731,DLA,2,38.966316,27.065450
1732,DLA,3,37.803102,26.263246
1733,DLA,4,36.634619,25.485977
1734,DLA,5,35.461237,24.731980
1735,DLA,6,34.283302,23.999708
1736,DLA,7,33.101131,23.287717
1737,DLA,8,31.915021,22.594659
1738,DLA,9,30.725244,21.919273
1739,DLA,10,29.532056,21.260381
1740,DLA,11,28.335695,20.616877
1741,DLA,12,27.136381,19.987722
1742,DLA,13,25.934323,19.371939
1743,DLA,14,24.729714,18.768610
1744,DLA,15,23.522738,18.176866
1745,DLA,16,22.313566,17.595887
1746,DLA,17,21.102360,17.024895
1747,DLA,18,19.889274,16.463152
1748,DLA,19,18.674453,15.909956
1749,DLA,20,17.458035,15.364639
1750,DLA,21,16.240151,14.826561
1751,DLA,22,15.020927,14.295110
1752,DLA,23,13.800484,13.769697
1753,DLA,24,12.578935,13.249757
1754,DLA,25,11.356393,12.734744
1755,DLA,26,10.132966,12.224127
1756,DLA,27,8.908756,11.717395
1757,DLA,28,7.683865,11.214048
1758,DLA,29,6.458391,10.713597
1759,DLA,30,5.232431,10.215564
1760,DLA,31,4.006080,9.719480
1761,DLM,0,41.275278,28.751944
1762,DLM,1,41.128111,28.753338
1763,DLM,2,40.980944,28.754725
1764,DLM,3,40.833778,28.756107
1765,DLM,4,40.686611,28.757482
1766,DLM,5,40.539444,28.758851
1767,DLM,6,40.392277,28.760214
1768,DLM,7,40.245110,28.761571
1769,DLM,8,40.097943,28.762923
1770,DLM,9,39.950776,28.764268
1771,DLM,10,39.803609,28.765608
1772,DLM,11,39.656442,28.766942
1773,DLM,12,39.509275,28.768270
1774,DLM,13,39.362108,28.769593
1775,DLM,14,39.214941,28.770910
1776,DLM,15,39.067774,28.772222
1777,DLM,16,38.920607,28.773528
1778,DLM,17,38.773440,28.774829
1779,DLM,18,38.626273,28.776124
1780,DLM,19,38.479106,28.777414
1781,DLM,20,38.331939,28.778699
1782,DLM,21,38.184772,28.779979
1783,DLM,22,38.037605,28.781254
1784,DLM,23,37.890438,28.782523
1785,DLM,24,37.743271,28.783787
1786,DLM,25,37.596104,28.785047
1787,DLM,26,37.448936,28.786301
1788,DLM,27,37.301769,28.787550
1789,DLM,28,37.154602,28.788795
1790,DLM,29,37.007435,28.790034
1791,DLM,30,36.860268,28.791269
1792,DLM,31,36.713100,28.792500
1793,DMM,0,41.275278,28.751944
1794,DMM,1,40.862272,29.558672
1795,DMM,2,40.443715,30.355334
1796,DMM,3,40.019758,31.142074
1797,DMM,4,39.590547,31.919038
1798,DMM,5,39.156226,32.686378
1799,DMM,6,38.716934,33.444249
1800,DMM,7,38.272811,34.192811
1801,DMM,8,37.823989,34.932224
1802,DMM,9,37.370602,35.662653
1803,DMM,10,36.912777,36.384264
1804,DMM,11,36.450640,37.097224
1805,DMM,12,35.984313,37.801701
1806,DMM,13,35.513917,38.497864
1807,DMM,14,35.039568,39.185883
1808,DMM,15,34.561380,39.865927
1809,DMM,16,34.079465,40.538167
1810,DMM,17,33.593930,41.202771
1811,DMM,18,33.104883,41.859908
1812,DMM,19,32.612425,42.509746
1813,DMM,20,32.116659,43.152453
1814,DMM,21,31.617681,43.788192
1815,DMM,22,31.115587,44.417131
1816,DMM,23,30.610472,45.039430
1817,DMM,24,30.102425,45.655253
1818,DMM,25,29.591536,46.264760
1819,DMM,26,29.077890,46.868108
1820,DMM,27,28.561573,47.465455
1821,DMM,28,28.042667,48.056956
1822,DMM,29,27.521250,48.642763
1823,DMM,30,26.997403,49.223029
1824,DMM,31,26.471201,49.797901
1825,DNK,0,41.275278,28.751944
1826,DNK,1,41.508805,28.933943
1827,DNK,2,41.742042,29.117260
1828,DNK,3,41.974987,29.301911
1829,DNK,4,42.207633,29.487918
1830,DNK,5,42.439976,29.675299
1831,DNK,6,42.672012,29.864074
1832,DNK,7,42.903736,30.054263
1833,DNK,8,43.135142,30.245886
1834,DNK,9,43.366227,30.438963
1835,DNK,10,43.596984,30.633517
1836,DNK,11,43.827408,30.829567
1837,DNK,12,44.057495,31.027135
1838,DNK,13,44.287239,31.226244
1839,DNK,14,44.516634,31.426915
1840,DNK,15,44.745675,31.629172
1841,DNK,16,44.974356,31.833036
1842,DNK,17,45.202672,32.038531
1843,DNK,18,45.430616,32.245681
1844,DNK,19,45.658183,32.454509
1845,DNK,20,45.885366,32.665040
1846,DNK,21,46.112159,32.877299
1847,DNK,22,46.338557,33.091311
1848,DNK,23,46.564551,33.307100
1849,DNK,24,46.790137,33.524693
1850,DNK,25,47.015306,33.744117
1851,DNK,26,47.240054,33.965396
1852,DNK,27,47.464371,34.188560
1853,DNK,28,47.688252,34.413634
1854,DNK,29,47.911688,34.640647
1855,DNK,30,48.134674,34.869626
1856,DNK,31,48.357201,35.100601
1857,DNZ,0,41.275278,28.751944
1858,DNZ,1,41.162833,28.784112
1859,DNZ,2,41.050378,28.816169
1860,DNZ,3,40.937915,28.848117
1861,DNZ,4,40.825443,28.879957
1862,DNZ,5,40.712962,28.911689
1863,DNZ,6,40.600473,28.943313
1864,DNZ,7,40.487975,28.974832
1865,DNZ,8,40.375468,29.006245
1866,DNZ,9,40.262953,29.037553
1867,DNZ,10,40.150430,29.068757
1868,DNZ,11,40.037898,29.099858
1869,DNZ,12,39.925358,29.130857
1870,DNZ,13,39.812809,29.161753
1871,DNZ,14,39.700253,29.192549
1872,DNZ,15,39.587688,29.223245
1873,DNZ,16,39.475116,29.253840
1874,DNZ,17,39.362535,29.284337
1875,DNZ,18,39.249947,29.314736
1876,DNZ,19,39.137350,29.345038
1877,DNZ,20,39.024746,29.375242
1878,DNZ,21,38.912134,29.405351
1879,DNZ,22,38.799514,29.435364
1880,DNZ,23,38.686887,29.465282
1881,DNZ,24,38.574252,29.495107
1882,DNZ,25,38.461609,29.524838
1883,DNZ,26,38.348959,29.554476
1884,DNZ,27,38.236302,29.584022
1885,DNZ,28,38.123637,29.613477
1886,DNZ,29,38.010965,29.642841
1887,DNZ,30,37.898285,29.672115
1888,DNZ,31,37.785599,29.701300
1889,DOH,0,41.275278,28.751944
1890,DOH,1,40.835442,29.637339
1891,DOH,2,40.388927,30.510975
1892,DOH,3,39.935924,31.373020
1893,DOH,4,39.476622,32.223650
1894,DOH,5,39.011204,33.063047
1895,DOH,6,38.539851,33.891400
1896,DOH,7,38.062737,34.708901
1897,DOH,8,37.580035,35.515749
1898,DOH,9,37.091913,36.312144
1899,DOH,10,36.598534,37.098291
1900,DOH,11,36.100057,37.874396
1901,DOH,12,35.596639,38.640668
1902,DOH,13,35.088432,39.397315
1903,DOH,14,34.575583,40.144549
1904,DOH,15,34.058236,40.882579
1905,DOH,16,33.536532,41.611617
1906,DOH,17,33.010608,42.331874
1907,DOH,18,32.480596,43.043557
1908,DOH,19,31.946627,43.746877
1909,DOH,20,31.408827,44.442041
1910,DOH,21,30.867318,45.129254
1911,DOH,22,30.322220,45.808721
1912,DOH,23,29.773650,46.480645
1913,DOH,24,29.221720,47.145225
1914,DOH,25,28.666541,47.802661
1915,DOH,26,28.108220,48.453148
1916,DOH,27,27.546863,49.096880
1917,DOH,28,26.982570,49.734050
1918,DOH,29,26.415440,50.364845
1919,DOH,30,25.845571,50.989452
1920,DOH,31,25.273056,51.608056
1921,DOK,0,41.275278,28.751944
1922,DOK,1,41.504790,29.010699
1923,DOK,2,41.733718,29.271293
1924,DOK,3,41.962053,29.533749
1925,DOK,4,42.189786,29.798090
1926,DOK,5,42.416907,30.064340
1927,DOK,6,42.643408,30.332523
1928,DOK,7,42.869279,30.602663
1929,DOK,8,43.094510,30.874785
1930,DOK,9,43.319092,31.148912
1931,DOK,10,43.543014,31.425071
1932,DOK,11,43.766267,31.703286
1933,DOK,12,43.988840,31.983582
1934,DOK,13,44.210722,32.265985
1935,DOK,14,44.431903,32.550520
1936,DOK,15,44.652373,32.837214
1937,DOK,16,44.872120,33.126092
1938,DOK,17,45.091133,33.417181
1939,DOK,18,45.309401,33.710507
1940,DOK,19,45.526913,34.006097
1941,DOK,20,45.743656,34.303978
1942,DOK,21,45.959619,34.604177
1943,DOK,22,46.174790,34.906720
1944,DOK,23,46.389156,35.211636
1945,DOK,24,46.602706,35.518952
1946,DOK,25,46.815427,35.828695
1947,DOK,26,47.027305,36.140894
1948,DOK,27,47.238328,36.455576
1949,DOK,28,47.448482,36.772770
1950,DOK,29,47.657755,37.092503
1951,DOK,30,47.866133,37.414803
1952,DOK,31,48.073601,37.739700
1953,DUB,0,41.275278,28.751944
1954,DUB,1,41.811124,27.873366
1955,DUB,2,42.340163,26.980060
1956,DUB,3,42.862151,26.071696
1957,DUB,4,43.376836,25.147951
1958,DUB,5,43.883961,24.208508
1959,DUB,6,44.383258,23.253059
1960,DUB,7,44.874454,22.281308
1961,DUB,8,45.357269,21.292969
1962,DUB,9,45.831414,20.287773
1963,DUB,10,46.296595,19.265469
1964,DUB,11,46.752510,18.225823
1965,DUB,12,47.198851,17.168626
1966,DUB,13,47.635303,16.093693
1967,DUB,14,48.061546,15.000865
1968,DUB,15,48.477256,13.890018
1969,DUB,16,48.882100,12.761057
1970,DUB,17,49.275746,11.613928
1971,DUB,18,49.657856,10.448615
1972,DUB,19,50.028088,9.265146
1973,DUB,20,50.386100,8.063598
1974,DUB,21,50.731549,6.844093
1975,DUB,22,51.064093,5.606811
1976,DUB,23,51.383388,4.351983
1977,DUB,24,51.689097,3.079903
1978,DUB,25,51.980883,1.790921
1979,DUB,26,52.258417,0.485454
1980,DUB,27,52.521375,-0.836019
1981,DUB,28,52.769442,-2.172953
1982,DUB,29,53.002313,-3.524736
1983,DUB,30,53.219692,-4.890690
1984,DUB,31,53.421299,-6.270070
1985,DUS,0,41.275278,28.751944
1986,DUS,1,41.656961,28.163043
1987,DUS,2,42.035602,27.567148
1988,DUS,3,42.411124,26.964140
1989,DUS,4,42.783448,26.353899
1990,DUS,5,43.152493,25.736306
1991,DUS,6,43.518176,25.111244
1992,DUS,7,43.880412,24.478595
1993,DUS,8,44.239116,23.838245
1994,DUS,9,44.594200,23.190079
1995,DUS,10,44.945572,22.533985
1996,DUS,11,45.293142,21.869854
1997,DUS,12,45.636815,21.197579
1998,DUS,13,45.976498,20.517055
1999,DUS,14,46.312091,19.828182
2000,DUS,15,46.643497,19.130862
2001,DUS,16,46.970614,18.425002
2002,DUS,17,47.293340,17.710513
2003,DUS,18,47.611572,16.987312
2004,DUS,19,47.925203,16.255321
2005,DUS,20,48.234126,15.514465
2006,DUS,21,48.538232,14.764681
2007,DUS,22,48.837411,14.005907
2008,DUS,23,49.131551,13.238093
2009,DUS,24,49.420540,12.461195
2010,DUS,25,49.704263,11.675177
2011,DUS,26,49.982605,10.880012
2012,DUS,27,50.255449,10.075684
2013,DUS,28,50.522679,9.262187
2014,DUS,29,50.784176,8.439525
2015,DUS,30,51.039823,7.607714
2016,DUS,31,51.289501,6.766780
2017,DXB,0,41.275278,28.751944
2018,DXB,1,40.862158,29.780363
2019,DXB,2,40.440018,30.795895
2020,DXB,3,40.009104,31.798622
2021,DXB,4,39.569657,32.788645
2022,DXB,5,39.121917,33.766081
2023,DXB,6,38.666118,34.731061
2024,DXB,7,38.202492,35.683729
2025,DXB,8,37.731265,36.624243
2026,DXB,9,37.252662,37.552769
2027,DXB,10,36.766900,38.469486
2028,DXB,11,36.274194,39.374580
2029,DXB,12,35.774754,40.268245
2030,DXB,13,35.268787,41.150682
2031,DXB,14,34.756492,42.022097
2032,DXB,15,34.238066,42.882701
2033,DXB,16,33.713702,43.732712
2034,DXB,17,33.183586,44.572348
2035,DXB,18,32.647903,45.401831
2036,DXB,19,32.106829,46.221387
2037,DXB,20,31.560541,47.031241
2038,DXB,21,31.009207,47.831621
2039,DXB,22,30.452993,48.622756
2040,DXB,23,29.892061,49.404872
2041,DXB,24,29.326567,50.178200
2042,DXB,25,28.756666,50.942965
2043,DXB,26,28.182507,51.699397
2044,DXB,27,27.604234,52.447720
2045,DXB,28,27.021991,53.188160
2046,DXB,29,26.435915,53.920938
2047,DXB,30,25.846141,54.646278
2048,DXB,31,25.252800,55.364399
2049,DYU,0,41.275278,28.751944
2050,DYU,1,41.410417,30.053786
2051,DYU,2,41.530823,31.360758
2052,DYU,3,41.636379,32.672303
2053,DYU,4,41.726981,33.987845
2054,DYU,5,41.802539,35.306794
2055,DYU,6,41.862976,36.628544
2056,DYU,7,41.908233,37.952482
2057,DYU,8,41.938264,39.277981
2058,DYU,9,41.953038,40.604412
2059,DYU,10,41.952541,41.931140
2060,DYU,11,41.936772,43.257530
2061,DYU,12,41.905749,44.582947
2062,DYU,13,41.859501,45.906761
2063,DYU,14,41.798077,47.228348
2064,DYU,15,41.721537,48.547093
2065,DYU,16,41.629958,49.862392
2066,DYU,17,41.523432,51.173657
2067,DYU,18,41.402062,52.480311
2068,DYU,19,41.265968,53.781800
2069,DYU,20,41.115280,55.077585
2070,DYU,21,40.950143,56.367152
2071,DYU,22,40.770713,57.650007
2072,DYU,23,40.577155,58.925681
2073,DYU,24,40.369649,60.193732
2074,DYU,25,40.148380,61.453741
2075,DYU,26,39.913545,62.705319
2076,DYU,27,39.665349,63.948101
2077,DYU,28,39.404004,65.181753
2078,DYU,29,39.129730,66.405968
2079,DYU,30,38.842752,67.620467
2080,DYU,31,38.543301,68.824997
2081,EBL,0,41.275278,28.751944
2082,EBL,1,41.145167,29.275749
2083,EBL,2,41.012692,29.797460
2084,EBL,3,40.877874,30.317060
2085,EBL,4,40.740735,30.834528
2086,EBL,5,40.601294,31.349850
2087,EBL,6,40.459572,31.863009
2088,EBL,7,40.315591,32.373990
2089,EBL,8,40.169371,32.882780
2090,EBL,9,40.020934,33.389365
2091,EBL,10,39.870300,33.893736
2092,EBL,11,39.717492,34.395880
2093,EBL,12,39.562531,34.895788
2094,EBL,13,39.405437,35.393452
2095,EBL,14,39.246232,35.888864
2096,EBL,15,39.084939,36.382017
2097,EBL,16,38.921578,36.872906
2098,EBL,17,38.756170,37.361525
2099,EBL,18,38.588738,37.847872
2100,EBL,19,38.419302,38.331941
2101,EBL,20,38.247885,38.813733
2102,EBL,21,38.074507,39.293244
2103,EBL,22,37.899190,39.770474
2104,EBL,23,37.721956,40.245424
2105,EBL,24,37.542826,40.718095
2106,EBL,25,37.361820,41.188488
2107,EBL,26,37.178961,41.656605
2108,EBL,27,36.994270,42.122451
2109,EBL,28,36.807767,42.586028
2110,EBL,29,36.619473,43.047342
2111,EBL,30,36.429410,43.506397
2112,EBL,31,36.237598,43.963200
2113,ECN,0,41.275278,28.751944
2114,ECN,1,41.081005,28.918181
2115,ECN,2,40.886495,29.083438
2116,ECN,3,40.691751,29.247725
2117,ECN,4,40.496775,29.411055
2118,ECN,5,40.301570,29.573437
2119,ECN,6,40.106140,29.734883
2120,ECN,7,39.910487,29.895404
2121,ECN,8,39.714613,30.055010
2122,ECN,9,39.518523,30.213711
2123,ECN,10,39.322218,30.371518
2124,ECN,11,39.125701,30.528442
2125,ECN,12,38.928974,30.684491
2126,ECN,13,38.732042,30.839678
2127,ECN,14,38.534905,30.994010
2128,ECN,15,38.337566,31.147499
2129,ECN,16,38.140029,31.300153
2130,ECN,17,37.942295,31.451983
2131,ECN,18,37.744367,31.602997
2132,ECN,19,37.546248,31.753205
2133,ECN,20,37.347939,31.902617
2134,ECN,21,37.149444,32.051241
2135,ECN,22,36.950763,32.199087
2136,ECN,23,36.751901,32.346163
2137,ECN,24,36.552858,32.492478
2138,ECN,25,36.353638,32.638041
2139,ECN,26,36.154242,32.782860
2140,ECN,27,35.954672,32.926945
2141,ECN,28,35.754931,33.070303
2142,ECN,29,35.555021,33.212943
2143,ECN,30,35.354944,33.354873
2144,ECN,31,35.154701,33.496101
2145,EDI,0,41.275278,28.751944
2146,EDI,1,41.864786,27.988142
2147,EDI,2,42.449140,27.210186
2148,EDI,3,43.028134,26.417647
2149,EDI,4,43.601556,25.610086
2150,EDI,5,44.169185,24.787064
2151,EDI,6,44.730790,23.948131
2152,EDI,7,45.286134,23.092840
2153,EDI,8,45.834969,22.220736
2154,EDI,9,46.377038,21.331368
2155,EDI,10,46.912075,20.424282
2156,EDI,11,47.439803,19.499029
2157,EDI,12,47.959938,18.555163
2158,EDI,13,48.472183,17.592245
2159,EDI,14,48.976233,16.609846
2160,EDI,15,49.471773,15.607548
2161,EDI,16,49.958476,14.584950
2162,EDI,17,50.436008,13.541665
2163,EDI,18,50.904022,12.477332
2164,EDI,19,51.362166,11.391614
2165,EDI,20,51.810073,10.284204
2166,EDI,21,52.247373,9.154830
2167,EDI,22,52.673683,8.003258
2168,EDI,23,53.088615,6.829297
2169,EDI,24,53.491774,5.632807
2170,EDI,25,53.882758,4.413702
2171,EDI,26,54.261159,3.171955
2172,EDI,27,54.626568,1.907604
2173,EDI,28,54.978571,0.620757
2174,EDI,29,55.316753,-0.688401
2175,EDI,30,55.640700,-2.019603
2176,EDI,31,55.950001,-3.372500
2177,ELQ,0,41.275278,28.751944
2178,ELQ,1,40.825119,29.330513
2179,ELQ,2,40.372109,29.901255
2180,ELQ,3,39.916331,30.464353
2181,ELQ,4,39.457865,31.019983
2182,ELQ,5,38.996791,31.568321
2183,ELQ,6,38.533183,32.109541
2184,ELQ,7,38.067115,32.643811
2185,ELQ,8,37.598660,33.171300
2186,ELQ,9,37.127887,33.692173
2187,ELQ,10,36.654863,34.206589
2188,ELQ,11,36.179654,34.714709
2189,ELQ,12,35.702324,35.216689
2190,ELQ,13,35.222935,35.712681
2191,ELQ,14,34.741547,36.202835
2192,ELQ,15,34.258217,36.687298
2193,ELQ,16,33.773004,37.166216
2194,ELQ,17,33.285962,37.639730
2195,ELQ,18,32.797144,38.107978
2196,ELQ,19,32.306603,38.571097
2197,ELQ,20,31.814389,39.029220
2198,ELQ,21,31.320552,39.482477
2199,ELQ,22,30.825139,39.930998
2200,ELQ,23,30.328197,40.374906
2201,ELQ,24,29.829771,40.814326
2202,ELQ,25,29.329905,41.249378
2203,ELQ,26,28.828643,41.680179
2204,ELQ,27,28.326025,42.106846
2205,ELQ,28,27.822093,42.529492
2206,ELQ,29,27.316886,42.948227
2207,ELQ,30,26.810442,43.363160
2208,ELQ,31,26.302799,43.774399
2209,ERC,0,41.275278,28.751944
2210,ERC,1,41.240670,29.106700
2211,ERC,2,41.204975,29.461075
2212,ERC,3,41.168195,29.815057
2213,ERC,4,41.130332,30.168637
2214,ERC,5,41.091390,30.521803
2215,ERC,6,41.051370,30.874544
2216,ERC,7,41.010276,31.226851
2217,ERC,8,40.968111,31.578713
2218,ERC,9,40.924878,31.930120
2219,ERC,10,40.880579,32.281062
2220,ERC,11,40.835218,32.631529
2221,ERC,12,40.788798,32.981511
2222,ERC,13,40.741322,33.330998
2223,ERC,14,40.692793,33.679982
2224,ERC,15,40.643215,34.028451
2225,ERC,16,40.592591,34.376399
2226,ERC,17,40.540925,34.723814
2227,ERC,18,40.488220,35.070688
2228,ERC,19,40.434479,35.417013
2229,ERC,20,40.379707,35.762779
2230,ERC,21,40.323906,36.107978
2231,ERC,22,40.267081,36.452602
2232,ERC,23,40.209236,36.796642
2233,ERC,24,40.150374,37.140090
2234,ERC,25,40.090499,37.482938
2235,ERC,26,40.029615,37.825179
2236,ERC,27,39.967726,38.166804
2237,ERC,28,39.904836,38.507806
2238,ERC,29,39.840949,38.848177
2239,ERC,30,39.776070,39.187911
2240,ERC,31,39.710201,39.527000
2241,ERZ,0,41.275278,28.751944
2242,ERZ,1,41.253794,29.159063
2243,ERZ,2,41.230877,29.565905
2244,ERZ,3,41.206529,29.972453
2245,ERZ,4,41.180752,30.378690
2246,ERZ,5,41.153550,30.784598
2247,ERZ,6,41.124923,31.190161
2248,ERZ,7,41.094876,31.595362
2249,ERZ,8,41.063410,32.000183
2250,ERZ,9,41.030529,32.404608
2251,ERZ,10,40.996236,32.808621
2252,ERZ,11,40.960534,33.212205
2253,ERZ,12,40.923426,33.615344
2254,ERZ,13,40.884915,34.018022
2255,ERZ,14,40.845006,34.420224
2256,ERZ,15,40.803702,34.821932
2257,ERZ,16,40.761006,35.223133
2258,ERZ,17,40.716923,35.623810
2259,ERZ,18,40.671457,36.023949
2260,ERZ,19,40.624610,36.423533
2261,ERZ,20,40.576389,36.822550
2262,ERZ,21,40.526797,37.220984
2263,ERZ,22,40.475838,37.618820
2264,ERZ,23,40.423518,38.016045
2265,ERZ,24,40.369840,38.412645
2266,ERZ,25,40.314810,38.808605
2267,ERZ,26,40.258432,39.203912
2268,ERZ,27,40.200711,39.598554
2269,ERZ,28,40.141652,39.992516
2270,ERZ,29,40.081261,40.385786
2271,ERZ,30,40.019542,40.778352
2272,ERZ,31,39.956501,41.170200
2273,ESB,0,41.275278,28.751944
2274,ESB,1,41.240726,28.891079
2275,ESB,2,41.206006,29.030067
2276,ESB,3,41.171120,29.168908
2277,ESB,4,41.136067,29.307600
2278,ESB,5,41.100848,29.446144
2279,ESB,6,41.065463,29.584538
2280,ESB,7,41.029913,29.722784
2281,ESB,8,40.994198,29.860880
2282,ESB,9,40.958318,29.998826
2283,ESB,10,40.922274,30.136622
2284,ESB,11,40.886066,30.274267
2285,ESB,12,40.849694,30.411762
2286,ESB,13,40.813160,30.549105
2287,ESB,14,40.776463,30.686297
2288,ESB,15,40.739603,30.823337
2289,ESB,16,40.702582,30.960225
2290,ESB,17,40.665399,31.096960
2291,ESB,18,40.628055,31.233543
2292,ESB,19,40.590550,31.369972
2293,ESB,20,40.552885,31.506249
2294,ESB,21,40.515060,31.642372
2295,ESB,22,40.477076,31.778341
2296,ESB,23,40.438932,31.914156
2297,ESB,24,40.400630,32.049816
2298,ESB,25,40.362169,32.185322
2299,ESB,26,40.323550,32.320673
2300,ESB,27,40.284774,32.455869
2301,ESB,28,40.245841,32.590910
2302,ESB,29,40.206751,32.725795
2303,ESB,30,40.167504,32.860525
2304,ESB,31,40.128101,32.995098
2305,EZS,0,41.275278,28.751944
2306,EZS,1,41.204511,29.104373
2307,EZS,2,41.132672,29.456036
2308,EZS,3,41.059767,29.806923
2309,EZS,4,40.985799,30.157028
2310,EZS,5,40.910774,30.506342
2311,EZS,6,40.834698,30.854859
2312,EZS,7,40.757576,31.202572
2313,EZS,8,40.679412,31.549473
2314,EZS,9,40.600213,31.895557
2315,EZS,10,40.519983,32.240816
2316,EZS,11,40.438728,32.585244
2317,EZS,12,40.356453,32.928836
2318,EZS,13,40.273164,33.271585
2319,EZS,14,40.188867,33.613485
2320,EZS,15,40.103566,33.954532
2321,EZS,16,40.017267,34.294720
2322,EZS,17,39.929976,34.634043
2323,EZS,18,39.841699,34.972497
2324,EZS,19,39.752441,35.310077
2325,EZS,20,39.662207,35.646779
2326,EZS,21,39.571004,35.982598
2327,EZS,22,39.478837,36.317530
2328,EZS,23,39.385711,36.651571
2329,EZS,24,39.291633,36.984717
2330,EZS,25,39.196608,37.316965
2331,EZS,26,39.100643,37.648310
2332,EZS,27,39.003741,37.978751
2333,EZS,28,38.905911,38.308283
2334,EZS,29,38.807156,38.636904
2335,EZS,30,38.707484,38.964611
2336,EZS,31,38.606899,39.291401
2337,FCO,0,41.275278,28.751944
2338,FCO,1,41.328931,28.226362
2339,FCO,2,41.380189,27.699933
2340,FCO,3,41.429044,27.172692
2341,FCO,4,41.475489,26.644678
2342,FCO,5,41.519516,26.115925
2343,FCO,6,41.561117,25.586473
2344,FCO,7,41.600287,25.056359
2345,FCO,8,41.637019,24.525620
2346,FCO,9,41.671307,23.994297
2347,FCO,10,41.703146,23.462428
2348,FCO,11,41.732529,22.930051
2349,FCO,12,41.759454,22.397208
2350,FCO,13,41.783914,21.863938
2351,FCO,14,41.805907,21.330282
2352,FCO,15,41.825428,20.796280
2353,FCO,16,41.842474,20.261972
2354,FCO,17,41.857044,19.727401
2355,FCO,18,41.869133,19.192607
2356,FCO,19,41.878740,18.657631
2357,FCO,20,41.885864,18.122515
2358,FCO,21,41.890503,17.587301
2359,FCO,22,41.892657,17.052029
2360,FCO,23,41.892326,16.516743
2361,FCO,24,41.889508,15.981483
2362,FCO,25,41.884205,15.446290
2363,FCO,26,41.876418,14.911208
2364,FCO,27,41.866148,14.376276
2365,FCO,28,41.853397,13.841538
2366,FCO,29,41.838166,13.307033
2367,FCO,30,41.820459,12.772803
2368,FCO,31,41.800278,12.238889
2369,FDH,0,41.275278,28.751944
2370,FDH,1,41.528641,28.197709
2371,FDH,2,41.779322,27.639139
2372,FDH,3,42.027277,27.076210
2373,FDH,4,42.272459,26.508896
2374,FDH,5,42.514824,25.937177
2375,FDH,6,42.754325,25.361033
2376,FDH,7,42.990916,24.780446
2377,FDH,8,43.224551,24.195400
2378,FDH,9,43.455181,23.605881
2379,FDH,10,43.682759,23.011878
2380,FDH,11,43.907239,22.413383
2381,FDH,12,44.128571,21.810388
2382,FDH,13,44.346708,21.202891
2383,FDH,14,44.561601,20.590888
2384,FDH,15,44.773202,19.974383
2385,FDH,16,44.981462,19.353380
2386,FDH,17,45.186332,18.727886
2387,FDH,18,45.387764,18.097911
2388,FDH,19,45.585708,17.463469
2389,FDH,20,45.780115,16.824578
2390,FDH,21,45.970937,16.181257
2391,FDH,22,46.158125,15.533531
2392,FDH,23,46.341629,14.881426
2393,FDH,24,46.521402,14.224975
2394,FDH,25,46.697395,13.564210
2395,FDH,26,46.869559,12.899172
2396,FDH,27,47.037848,12.229902
2397,FDH,28,47.202213,11.556446
2398,FDH,29,47.362607,10.878855
2399,FDH,30,47.518985,10.197184
2400,FDH,31,47.671299,9.511490
2401,FIH,0,41.275278,28.751944
2402,FIH,1,39.825702,28.131735
2403,FIH,2,38.372960,27.537188
2404,FIH,3,36.917334,26.966071
2405,FIH,4,35.459077,26.416371
2406,FIH,5,33.998417,25.886265
2407,FIH,6,32.535559,25.374097
2408,FIH,7,31.070693,24.878361
2409,FIH,8,29.603988,24.397678
2410,FIH,9,28.135600,23.930789
2411,FIH,10,26.665674,23.476532
2412,FIH,11,25.194339,23.033840
2413,FIH,12,23.721719,22.601723
2414,FIH,13,22.247925,22.179264
2415,FIH,14,20.773062,21.765607
2416,FIH,15,19.297228,21.359955
2417,FIH,16,17.820515,20.961558
2418,FIH,17,16.343007,20.569712
2419,FIH,18,14.864787,20.183750
2420,FIH,19,13.385931,19.803040
2421,FIH,20,11.906512,19.426980
2422,FIH,21,10.426601,19.054995
2423,FIH,22,8.946263,18.686530
2424,FIH,23,7.465565,18.321051
2425,FIH,24,5.984568,17.958041
2426,FIH,25,4.503334,17.596992
2427,FIH,26,3.021922,17.237412
2428,FIH,27,1.540392,16.878812
2429,FIH,28,0.058802,16.520710
2430,FIH,29,-1.422790,16.162628
2431,FIH,30,-2.904327,15.804085
2432,FIH,31,-4.385750,15.444600
2433,FRA,0,41.275278,28.751944
2434,FRA,1,41.608061,28.196494
2435,FRA,2,41.938143,27.635307
2436,FRA,3,42.265464,27.068305
2437,FRA,4,42.589964,26.495411
2438,FRA,5,42.911579,25.916547
2439,FRA,6,43.230248,25.331638
2440,FRA,7,43.545905,24.740609
2441,FRA,8,43.858486,24.143389
2442,FRA,9,44.167925,23.539906
2443,FRA,10,44.474153,22.930091
2444,FRA,11,44.777102,22.313877
2445,FRA,12,45.076703,21.691199
2446,FRA,13,45.372885,21.061995
2447,FRA,14,45.665576,20.426205
2448,FRA,15,45.954703,19.783773
2449,FRA,16,46.240194,19.134645
2450,FRA,17,46.521972,18.478771
2451,FRA,18,46.799963,17.816104
2452,FRA,19,47.074090,17.146602
2453,FRA,20,47.344275,16.470227
2454,FRA,21,47.610440,15.786945
2455,FRA,22,47.872507,15.096727
2456,FRA,23,48.130396,14.399549
2457,FRA,24,48.384026,13.695391
2458,FRA,25,48.633316,12.984241
2459,FRA,26,48.878185,12.266092
2460,FRA,27,49.118551,11.540943
2461,FRA,28,49.354332,10.808799
2462,FRA,29,49.585444,10.069672
2463,FRA,30,49.811806,9.323582
2464,FRA,31,50.033333,8.570556
2465,FRU,0,41.275278,28.751944
2466,FRU,1,41.613119,30.122025
2467,FRU,2,41.934526,31.506180
2468,FRU,3,42.239143,32.903987
2469,FRU,4,42.526627,34.314970
2470,FRU,5,42.796646,35.738601
2471,FRU,6,43.048879,37.174296
2472,FRU,7,43.283022,38.621420
2473,FRU,8,43.498786,40.079284
2474,FRU,9,43.695899,41.547151
2475,FRU,10,43.874108,43.024232
2476,FRU,11,44.033183,44.509697
2477,FRU,12,44.172913,46.002669
2478,FRU,13,44.293112,47.502236
2479,FRU,14,44.393617,49.007448
2480,FRU,15,44.474292,50.517326
2481,FRU,16,44.535025,52.030868
2482,FRU,17,44.575732,53.547047
2483,FRU,18,44.596358,55.064827
2484,FRU,19,44.596872,56.583159
2485,FRU,20,44.577275,58.100992
2486,FRU,21,44.537594,59.617279
2487,FRU,22,44.477884,61.130981
2488,FRU,23,44.398227,62.641071
2489,FRU,24,44.298733,64.146546
2490,FRU,25,44.179538,65.646425
2491,FRU,26,44.040802,67.139757
2492,FRU,27,43.882712,68.625627
2493,FRU,28,43.705476,70.103158
2494,FRU,29,43.509324,71.571515
2495,FRU,30,43.294508,73.029910
2496,FRU,31,43.061298,74.477600
2497,GNY,0,41.275278,28.751944
2498,GNY,1,41.166031,29.096564
2499,GNY,2,41.055760,29.440031
2500,GNY,3,40.944473,29.782343
2501,GNY,4,40.832177,30.123498
2502,GNY,5,40.718879,30.463494
2503,GNY,6,40.604588,30.802330
2504,GNY,7,40.489309,31.140004
2505,GNY,8,40.373051,31.476515
2506,GNY,9,40.255822,31.811863
2507,GNY,10,40.137627,32.146045
2508,GNY,11,40.018476,32.479062
2509,GNY,12,39.898374,32.810914
2510,GNY,13,39.777330,33.141600
2511,GNY,14,39.655351,33.471120
2512,GNY,15,39.532444,33.799475
2513,GNY,16,39.408617,34.126666
2514,GNY,17,39.283876,34.452691
2515,GNY,18,39.158229,34.777554
2516,GNY,19,39.031684,35.101254
2517,GNY,20,38.904247,35.423793
2518,GNY,21,38.775926,35.745172
2519,GNY,22,38.646728,36.065393
2520,GNY,23,38.516661,36.384457
2521,GNY,24,38.385730,36.702367
2522,GNY,25,38.253945,37.019124
2523,GNY,26,38.121311,37.334730
2524,GNY,27,37.987835,37.649188
2525,GNY,28,37.853526,37.962501
2526,GNY,29,37.718389,38.274671
2527,GNY,30,37.582433,38.585700
2528,GNY,31,37.445663,38.895592
2529,GOA,0,41.275278,28.751944
2530,GOA,1,41.428683,28.145367
2531,GOA,2,41.578888,27.535948
2532,GOA,3,41.725859,26.923717
2533,GOA,4,41.869566,26.308710
2534,GOA,5,42.009978,25.690964
2535,GOA,6,42.147063,25.070518
2536,GOA,7,42.280790,24.447411
2537,GOA,8,42.411131,23.821688
2538,GOA,9,42.538055,23.193393
2539,GOA,10,42.661532,22.562573
2540,GOA,11,42.781535,21.929278
2541,GOA,12,42.898035,21.293560
2542,GOA,13,43.011005,20.655471
2543,GOA,14,43.120417,20.015068
2544,GOA,15,43.226245,19.372408
2545,GOA,16,43.328464,18.727551
2546,GOA,17,43.427048,18.080559
2547,GOA,18,43.521973,17.431495
2548,GOA,19,43.613214,16.780425
2549,GOA,20,43.700750,16.127417
2550,GOA,21,43.784558,15.472540
2551,GOA,22,43.864616,14.815866
2552,GOA,23,43.940904,14.157467
2553,GOA,24,44.013402,13.497418
2554,GOA,25,44.082092,12.835796
2555,GOA,26,44.146954,12.172679
2556,GOA,27,44.207973,11.508146
2557,GOA,28,44.265132,10.842279
2558,GOA,29,44.318415,10.175159
2559,GOA,30,44.367809,9.506871
2560,GOA,31,44.413300,8.837500
2561,GOT,0,41.275278,28.751944
2562,GOT,1,41.833546,28.368384
2563,GOT,2,42.390517,27.978083
2564,GOT,3,42.946139,27.580801
2565,GOT,4,43.500363,27.176291
2566,GOT,5,44.053134,26.764295
2567,GOT,6,44.604397,26.344547
2568,GOT,7,45.154093,25.916767
2569,GOT,8,45.702161,25.480667
2570,GOT,9,46.248537,25.035945
2571,GOT,10,46.793155,24.582289
2572,GOT,11,47.335943,24.119372
2573,GOT,12,47.876828,23.646857
2574,GOT,13,48.415735,23.164390
2575,GOT,14,48.952581,22.671606
2576,GOT,15,49.487282,22.168122
2577,GOT,16,50.019750,21.653543
2578,GOT,17,50.549892,21.127454
2579,GOT,18,51.077610,20.589428
2580,GOT,19,51.602802,20.039016
2581,GOT,20,52.125360,19.475756
2582,GOT,21,52.645170,18.899165
2583,GOT,22,53.162115,18.308741
2584,GOT,23,53.676070,17.703964
2585,GOT,24,54.186902,17.084293
2586,GOT,25,54.694475,16.449167
2587,GOT,26,55.198644,15.798005
2588,GOT,27,55.699256,15.130203
2589,GOT,28,56.196150,14.445137
2590,GOT,29,56.689159,13.742164
2591,GOT,30,57.178104,13.020614
2592,GOT,31,57.662800,12.279800
2593,GRU,0,41.275278,28.751944
2594,GRU,1,39.826300,25.199336
2595,GRU,2,38.273558,21.798567
2596,GRU,3,36.626856,18.544359
2597,GRU,4,34.895428,15.429693
2598,GRU,5,33.087887,12.446364
2599,GRU,6,31.212198,9.585423
2600,GRU,7,29.275690,6.837538
2601,GRU,8,27.285082,4.193252
2602,GRU,9,25.246524,1.643181
2603,GRU,10,23.165641,-0.821865
2604,GRU,11,21.047587,-3.210795
2605,GRU,12,18.897091,-5.532191
2606,GRU,13,16.718513,-7.794301
2607,GRU,14,14.515889,-10.005032
2608,GRU,15,12.292979,-12.171979
2609,GRU,16,10.053309,-14.302447
2610,GRU,17,7.800212,-16.403495
2611,GRU,18,5.536867,-18.481971
2612,GRU,19,3.266337,-20.544559
2613,GRU,20,0.991602,-22.597826
2614,GRU,21,-1.284403,-24.648273
2615,GRU,22,-3.558762,-26.702375
2616,GRU,23,-5.828536,-28.766636
2617,GRU,24,-8.090736,-30.847638
2618,GRU,25,-10.342287,-32.952084
2619,GRU,26,-12.579992,-35.086845
2620,GRU,27,-14.800494,-37.259010
2621,GRU,28,-17.000240,-39.475920
2622,GRU,29,-19.175437,-41.745207
2623,GRU,30,-21.322011,-44.074823
2624,GRU,31,-23.435556,-46.473057
2625,GUW,0,41.275278,28.751944
2626,GUW,1,41.531953,29.420557
2627,GUW,2,41.784724,30.094456
2628,GUW,3,42.033526,30.773648
2629,GUW,4,42.278293,31.458134
2630,GUW,5,42.518957,32.147913
2631,GUW,6,42.755454,32.842980
2632,GUW,7,42.987716,33.543325
2633,GUW,8,43.215675,34.248933
2634,GUW,9,43.439266,34.959784
2635,GUW,10,43.658422,35.675857
2636,GUW,11,43.873075,36.397122
2637,GUW,12,44.083159,37.123545
2638,GUW,13,44.288608,37.855089
2639,GUW,14,44.489356,38.591709
2640,GUW,15,44.685337,39.333356
2641,GUW,16,44.876486,40.079977
2642,GUW,17,45.062738,40.831510
2643,GUW,18,45.244029,41.587890
2644,GUW,19,45.420297,42.349046
2645,GUW,20,45.591477,43.114900
2646,GUW,21,45.757510,43.885369
2647,GUW,22,45.918333,44.660364
2648,GUW,23,46.073888,45.439791
2649,GUW,24,46.224115,46.223548
2650,GUW,25,46.368957,47.011529
2651,GUW,26,46.508359,47.803621
2652,GUW,27,46.642265,48.599706
2653,GUW,28,46.770623,49.399659
2654,GUW,29,46.893381,50.203350
2655,GUW,30,47.010489,51.010644
2656,GUW,31,47.121899,51.821400
2657,GVA,0,41.275278,28.751944
2658,GVA,1,41.501593,28.085031
2659,GVA,2,41.724028,27.413481
2660,GVA,3,41.942526,26.737306
2661,GVA,4,42.157030,26.056524
2662,GVA,5,42.367483,25.371155
2663,GVA,6,42.573826,24.681223
2664,GVA,7,42.776003,23.986758
2665,GVA,8,42.973956,23.287791
2666,GVA,9,43.167630,22.584358
2667,GVA,10,43.356967,21.876501
2668,GVA,11,43.541911,21.164265
2669,GVA,12,43.722408,20.447698
2670,GVA,13,43.898401,19.726855
2671,GVA,14,44.069836,19.001793
2672,GVA,15,44.236660,18.272576
2673,GVA,16,44.398819,17.539271
2674,GVA,17,44.556260,16.801949
2675,GVA,18,44.708932,16.060688
2676,GVA,19,44.856785,15.315567
2677,GVA,20,44.999767,14.566674
2678,GVA,21,45.137832,13.814099
2679,GVA,22,45.270930,13.057936
2680,GVA,23,45.399015,12.298286
2681,GVA,24,45.522042,11.535252
2682,GVA,25,45.639968,10.768943
2683,GVA,26,45.752749,9.999473
2684,GVA,27,45.860344,9.226958
2685,GVA,28,45.962714,8.451521
2686,GVA,29,46.059820,7.673287
2687,GVA,30,46.151626,6.892385
2688,GVA,31,46.238098,6.108950
2689,GYD,0,41.275278,28.751944
2690,GYD,1,41.310994,29.440794
2691,GYD,2,41.342598,30.130357
2692,GYD,3,41.370084,30.820545
2693,GYD,4,41.393442,31.511272
2694,GYD,5,41.412667,32.202453
2695,GYD,6,41.427753,32.893998
2696,GYD,7,41.438696,33.585821
2697,GYD,8,41.445494,34.277833
2698,GYD,9,41.448144,34.969945
2699,GYD,10,41.446646,35.662070
2700,GYD,11,41.441000,36.354119
2701,GYD,12,41.431208,37.046003
2702,GYD,13,41.417272,37.737635
2703,GYD,14,41.399196,38.428925
2704,GYD,15,41.376985,39.119787
2705,GYD,16,41.350646,39.810134
2706,GYD,17,41.320184,40.499879
2707,GYD,18,41.285609,41.188935
2708,GYD,19,41.246930,41.877219
2709,GYD,20,41.204158,42.564645
2710,GYD,21,41.157303,43.251130
2711,GYD,22,41.106379,43.936592
2712,GYD,23,41.051398,44.620950
2713,GYD,24,40.992376,45.304122
2714,GYD,25,40.929329,45.986031
2715,GYD,26,40.862272,46.666599
2716,GYD,27,40.791224,47.345749
2717,GYD,28,40.716203,48.023406
2718,GYD,29,40.637228,48.699498
2719,GYD,30,40.554319,49.373953
2720,GYD,31,40.467499,50.046700
2721,GZP,0,41.275278,28.751944
2722,GZP,1,41.116520,28.874527
2723,GZP,2,40.957632,28.996517
2724,GZP,3,40.798617,29.117922
2725,GZP,4,40.639474,29.238746
2726,GZP,5,40.480207,29.358995
2727,GZP,6,40.320816,29.478675
2728,GZP,7,40.161301,29.597791
2729,GZP,8,40.001665,29.716348
2730,GZP,9,39.841910,29.834352
2731,GZP,10,39.682035,29.951808
2732,GZP,11,39.522042,30.068721
2733,GZP,12,39.361932,30.185097
2734,GZP,13,39.201708,30.300940
2735,GZP,14,39.041369,30.416255
2736,GZP,15,38.880917,30.531048
2737,GZP,16,38.720353,30.645324
2738,GZP,17,38.559679,30.759087
2739,GZP,18,38.398894,30.872343
2740,GZP,19,38.238002,30.985095
2741,GZP,20,38.077002,31.097350
2742,GZP,21,37.915896,31.209111
2743,GZP,22,37.754684,31.320384
2744,GZP,23,37.593368,31.431172
2745,GZP,24,37.431949,31.541482
2746,GZP,25,37.270429,31.651316
2747,GZP,26,37.108807,31.760680
2748,GZP,27,36.947085,31.869578
2749,GZP,28,36.785264,31.978014
2750,GZP,29,36.623345,32.085994
2751,GZP,30,36.461329,32.193520
2752,GZP,31,36.299217,32.300598
2753,GZT,0,41.275278,28.751944
2754,GZT,1,41.146269,29.050530
2755,GZT,2,41.016492,29.347941
2756,GZT,3,40.885954,29.644178
2757,GZT,4,40.754661,29.939246
2758,GZT,5,40.622619,30.233147
2759,GZT,6,40.489836,30.525885
2760,GZT,7,40.356316,30.817464
2761,GZT,8,40.222067,31.107888
2762,GZT,9,40.087096,31.397159
2763,GZT,10,39.951407,31.685283
2764,GZT,11,39.815009,31.972263
2765,GZT,12,39.677906,32.258103
2766,GZT,13,39.540105,32.542807
2767,GZT,14,39.401612,32.826381
2768,GZT,15,39.262434,33.108828
2769,GZT,16,39.122576,33.390152
2770,GZT,17,38.982045,33.670360
2771,GZT,18,38.840846,33.949454
2772,GZT,19,38.698986,34.227441
2773,GZT,20,38.556470,34.504324
2774,GZT,21,38.413305,34.780109
2775,GZT,22,38.269496,35.054801
2776,GZT,23,38.125049,35.328405
2777,GZT,24,37.979970,35.600926
2778,GZT,25,37.834265,35.872369
2779,GZT,26,37.687939,36.142740
2780,GZT,27,37.540998,36.412044
2781,GZT,28,37.393449,36.680286
2782,GZT,29,37.245295,36.947472
2783,GZT,30,37.096544,37.213608
2784,GZT,31,36.947201,37.478699
2785,HAJ,0,41.275278,28.751944
2786,HAJ,1,41.679480,28.252017
2787,HAJ,2,42.081488,27.745787
2788,HAJ,3,42.481244,27.233120
2789,HAJ,4,42.878685,26.713879
2790,HAJ,5,43.273749,26.187926
2791,HAJ,6,43.666372,25.655121
2792,HAJ,7,44.056489,25.115323
2793,HAJ,8,44.444030,24.568389
2794,HAJ,9,44.828926,24.014175
2795,HAJ,10,45.211106,23.452535
2796,HAJ,11,45.590497,22.883325
2797,HAJ,12,45.967022,22.306397
2798,HAJ,13,46.340604,21.721603
2799,HAJ,14,46.711164,21.128795
2800,HAJ,15,47.078621,20.527825
2801,HAJ,16,47.442891,19.918546
2802,HAJ,17,47.803889,19.300808
2803,HAJ,18,48.161526,18.674464
2804,HAJ,19,48.515712,18.039369
2805,HAJ,20,48.866357,17.395376
2806,HAJ,21,49.213364,16.742343
2807,HAJ,22,49.556638,16.080126
2808,HAJ,23,49.896081,15.408587
2809,HAJ,24,50.231590,14.727588
2810,HAJ,25,50.563064,14.036997
2811,HAJ,26,50.890397,13.336684
2812,HAJ,27,51.213480,12.626523
2813,HAJ,28,51.532205,11.906394
2814,HAJ,29,51.846460,11.176182
2815,HAJ,30,52.156131,10.435778
2816,HAJ,31,52.461102,9.685080
2817,HAM,0,41.275278,28.751944
2818,HAM,1,41.715087,28.272143
2819,HAM,2,42.152873,27.785745
2820,HAM,3,42.588576,27.292588
2821,HAM,4,43.022134,26.792506
2822,HAM,5,43.453484,26.285328
2823,HAM,6,43.882560,25.770883
2824,HAM,7,44.309296,25.248994
2825,HAM,8,44.733620,24.719483
2826,HAM,9,45.155462,24.182166
2827,HAM,10,45.574746,23.636860
2828,HAM,11,45.991398,23.083376
2829,HAM,12,46.405337,22.521523
2830,HAM,13,46.816482,21.951107
2831,HAM,14,47.224751,21.371932
2832,HAM,15,47.630055,20.783800
2833,HAM,16,48.032307,20.186509
2834,HAM,17,48.431415,19.579857
2835,HAM,18,48.827283,18.963639
2836,HAM,19,49.219816,18.337649
2837,HAM,20,49.608911,17.701680
2838,HAM,21,49.994467,17.055524
2839,HAM,22,50.376376,16.398972
2840,HAM,23,50.754530,15.731816
2841,HAM,24,51.128817,15.053848
2842,HAM,25,51.499119,14.364861
2843,HAM,26,51.865320,13.664649
2844,HAM,27,52.227296,12.953010
2845,HAM,28,52.584922,12.229743
2846,HAM,29,52.938070,11.494652
2847,HAM,30,53.286608,10.747543
2848,HAM,31,53.630402,9.988230
2849,HBE,0,41.275278,28.751944
2850,HBE,1,40.941290,28.786734
2851,HBE,2,40.607292,28.821174
2852,HBE,3,40.273284,28.855271
2853,HBE,4,39.939266,28.889033
2854,HBE,5,39.605239,28.922467
2855,HBE,6,39.271201,28.955580
2856,HBE,7,38.937155,28.988379
2857,HBE,8,38.603099,29.020870
2858,HBE,9,38.269035,29.053060
2859,HBE,10,37.934962,29.084955
2860,HBE,11,37.600880,29.116562
2861,HBE,12,37.266790,29.147886
2862,HBE,13,36.932692,29.178934
2863,HBE,14,36.598585,29.209710
2864,HBE,15,36.264471,29.240221
2865,HBE,16,35.930349,29.270472
2866,HBE,17,35.596220,29.300469
2867,HBE,18,35.262083,29.330216
2868,HBE,19,34.927940,29.359718
2869,HBE,20,34.593789,29.388982
2870,HBE,21,34.259631,29.418011
2871,HBE,22,33.925466,29.446810
2872,HBE,23,33.591295,29.475384
2873,HBE,24,33.257117,29.503738
2874,HBE,25,32.922932,29.531875
2875,HBE,26,32.588742,29.559801
2876,HBE,27,32.254545,29.587519
2877,HBE,28,31.920343,29.615034
2878,HBE,29,31.586134,29.642350
2879,HBE,30,31.251920,29.669471
2880,HBE,31,30.917700,29.696400
2881,HEL,0,41.275278,28.751944
2882,HEL,1,41.891019,28.669168
2883,HEL,2,42.506700,28.584780
2884,HEL,3,43.122318,28.498714
2885,HEL,4,43.737870,28.410898
2886,HEL,5,44.353353,28.321258
2887,HEL,6,44.968765,28.229715
2888,HEL,7,45.584102,28.136186
2889,HEL,8,46.199361,28.040584
2890,HEL,9,46.814538,27.942818
2891,HEL,10,47.429631,27.842788
2892,HEL,11,48.044634,27.740393
2893,HEL,12,48.659544,27.635523
2894,HEL,13,49.274357,27.528064
2895,HEL,14,49.889067,27.417891
2896,HEL,15,50.503670,27.304877
2897,HEL,16,51.118161,27.188882
2898,HEL,17,51.732534,27.069760
2899,HEL,18,52.346784,26.947356
2900,HEL,19,52.960903,26.821502
2901,HEL,20,53.574886,26.692022
2902,HEL,21,54.188724,26.558726
2903,HEL,22,54.802412,26.421413
2904,HEL,23,55.415939,26.279865
2905,HEL,24,56.029298,26.133851
2906,HEL,25,56.642478,25.983124
2907,HEL,26,57.255471,25.827415
2908,HEL,27,57.868265,25.666438
2909,HEL,28,58.480848,25.499885
2910,HEL,29,59.093207,25.327422
2911,HEL,30,59.705329,25.148690
2912,HEL,31,60.317200,24.963301
2913,HKG,0,41.275278,28.751944
2914,HKG,1,41.807006,31.772720
2915,HKG,2,42.258341,34.840185
2916,HKG,3,42.626837,37.947773
2917,HKG,4,42.910427,41.088069
2918,HKG,5,43.107478,44.252937
2919,HKG,6,43.216832,47.433678
2920,HKG,7,43.237839,50.621224
2921,HKG,8,43.170374,53.806341
2922,HKG,9,43.014838,56.979856
2923,HKG,10,42.772152,60.132869
2924,HKG,11,42.443728,63.256955
2925,HKG,12,42.031432,66.344339
2926,HKG,13,41.537539,69.388040
2927,HKG,14,40.964673,72.381969
2928,HKG,15,40.315753,75.321001
2929,HKG,16,39.593929,78.200991
2930,HKG,17,38.802523,81.018771
2931,HKG,18,37.944973,83.772110
2932,HKG,19,37.024782,86.459652
2933,HKG,20,36.045471,89.080839
2934,HKG,21,35.010537,91.635828
2935,HKG,22,33.923428,94.125394
2936,HKG,23,32.787508,96.550843
2937,HKG,24,31.606042,98.913923
2938,HKG,25,30.382180,101.216744
2939,HKG,26,29.118948,103.461702
2940,HKG,27,27.819240,105.651417
2941,HKG,28,26.485817,107.788670
2942,HKG,29,25.121308,109.876361
2943,HKG,30,23.728211,111.917465
2944,HKG,31,22.308901,113.915001
2945,HRG,0,41.275278,28.751944
2946,HRG,1,40.824228,28.945217
2947,HRG,2,40.372860,29.135878
2948,HRG,3,39.921183,29.324001
2949,HRG,4,39.469206,29.509658
2950,HRG,5,39.016937,29.692917
2951,HRG,6,38.564386,29.873846
2952,HRG,7,38.111559,30.052510
2953,HRG,8,37.658465,30.228972
2954,HRG,9,37.205112,30.403292
2955,HRG,10,36.751506,30.575530
2956,HRG,11,36.297655,30.745743
2957,HRG,12,35.843566,30.913986
2958,HRG,13,35.389244,31.080313
2959,HRG,14,34.934697,31.244776
2960,HRG,15,34.479931,31.407426
2961,HRG,16,34.024952,31.568312
2962,HRG,17,33.569766,31.727481
2963,HRG,18,33.114378,31.884981
2964,HRG,19,32.658794,32.040856
2965,HRG,20,32.203019,32.195149
2966,HRG,21,31.747059,32.347904
2967,HRG,22,31.290918,32.499162
2968,HRG,23,30.834602,32.648962
2969,HRG,24,30.378115,32.797345
2970,HRG,25,29.921462,32.944348
2971,HRG,26,29.464647,33.090008
2972,HRG,27,29.007676,33.234361
2973,HRG,28,28.550551,33.377444
2974,HRG,29,28.093278,33.519289
2975,HRG,30,27.635860,33.659930
2976,HRG,31,27.178301,33.799400
2977,HTY,0,41.275278,28.751944
2978,HTY,1,41.124734,29.011648
2979,HTY,2,40.973610,29.270161
2980,HTY,3,40.821910,29.527490
2981,HTY,4,40.669642,29.783643
2982,HTY,5,40.516810,30.038626
2983,HTY,6,40.363421,30.292447
2984,HTY,7,40.209479,30.545114
2985,HTY,8,40.054990,30.796633
2986,HTY,9,39.899959,31.047013
2987,HTY,10,39.744393,31.296260
2988,HTY,11,39.588296,31.544383
2989,HTY,12,39.431674,31.791388
2990,HTY,13,39.274532,32.037283
2991,HTY,14,39.116874,32.282076
2992,HTY,15,38.958708,32.525775
2993,HTY,16,38.800036,32.768386
2994,HTY,17,38.640865,33.009917
2995,HTY,18,38.481200,33.250376
2996,HTY,19,38.321046,33.489771
2997,HTY,20,38.160407,33.728108
2998,HTY,21,37.999288,33.965397
2999,HTY,22,37.837695,34.201643
3000,HTY,23,37.675632,34.436855
3001,HTY,24,37.513104,34.671040
3002,HTY,25,37.350115,34.904206
3003,HTY,26,37.186671,35.136361
3004,HTY,27,37.022776,35.367511
3005,HTY,28,36.858435,35.597665
3006,HTY,29,36.693652,35.826830
3007,HTY,30,36.528431,36.055013
3008,HTY,31,36.362778,36.282223
3009,IAD,0,41.275278,28.751944
3010,IAD,1,42.795067,26.192972
3011,IAD,2,44.255050,23.507761
3012,IAD,3,45.648981,20.689016
3013,IAD,4,46.970118,17.730279
3014,IAD,5,48.211261,14.626366
3015,IAD,6,49.364805,11.373882
3016,IAD,7,50.422840,7.971807
3017,IAD,8,51.377290,4.422108
3018,IAD,9,52.220103,0.730333
3019,IAD,10,52.943487,-3.093885
3020,IAD,11,53.540184,-7.036509
3021,IAD,12,54.003773,-11.079050
3022,IAD,13,54.328972,-15.198871
3023,IAD,14,54.511911,-19.369865
3024,IAD,15,54.550354,-23.563504
3025,IAD,16,54.443822,-27.750155
3026,IAD,17,54.193632,-31.900529
3027,IAD,18,53.802809,-35.987085
3028,IAD,19,53.275919,-39.985238
3029,IAD,20,52.618816,-43.874240
3030,IAD,21,51.838352,-47.637678
3031,IAD,22,50.942072,-51.263612
3032,IAD,23,49.937923,-54.744380
3033,IAD,24,48.833995,-58.076189
3034,IAD,25,47.638306,-61.258552
3035,IAD,26,46.358638,-64.293681
3036,IAD,27,45.002415,-67.185881
3037,IAD,28,43.576626,-69.940994
3038,IAD,29,42.087784,-72.565922
3039,IAD,30,40.541901,-75.068224
3040,IAD,31,38.944500,-77.455803
3041,IAH,0,41.275278,28.751944
3042,IAH,1,43.305766,25.824326
3043,IAH,2,45.256499,22.698491
3044,IAH,3,47.116002,19.355670
3045,IAH,4,48.871348,15.777846
3046,IAH,5,50.508140,11.949046
3047,IAH,6,52.010591,7.857084
3048,IAH,7,53.361756,3.495770
3049,IAH,8,54.543971,-1.132548
3050,IAH,9,55.539532,-6.014402
3051,IAH,10,56.331619,-11.123091
3052,IAH,11,56.905416,-16.417691
3053,IAH,12,57.249304,-21.843830
3054,IAH,13,57.355933,-27.336605
3055,IAH,14,57.222960,-32.825445
3056,IAH,15,56.853301,-38.240120
3057,IAH,16,56.254822,-43.516679
3058,IAH,17,55.439550,-48.602130
3059,IAH,18,54.422579,-53.457111
3060,IAH,19,53.220880,-58.056455
3061,IAH,20,51.852193,-62.388037
3062,IAH,21,50.334131,-66.450579
3063,IAH,22,48.683531,-70.251051
3064,IAH,23,46.916033,-73.802155
3065,IAH,24,45.045874,-77.120168
3066,IAH,25,43.085819,-80.223246
3067,IAH,26,41.047188,-83.130179
3068,IAH,27,38.939956,-85.859547
3069,IAH,28,36.772869,-88.429182
3070,IAH,29,34.553584,-90.855860
3071,IAH,30,32.288804,-93.155155
3072,IAH,31,29.984400,-95.341400
3073,ICN,0,41.275278,28.751944
3074,ICN,1,42.526542,31.342625
3075,ICN,2,43.717109,34.036569
3076,ICN,3,44.841893,36.836631
3077,ICN,4,45.895591,39.744579
3078,ICN,5,46.872750,42.760816
3079,ICN,6,47.767831,45.884103
3080,ICN,7,48.575312,49.111284
3081,ICN,8,49.289799,52.437052
3082,ICN,9,49.906163,55.853779
3083,ICN,10,50.419687,59.351439
3084,ICN,11,50.826214,62.917663
3085,ICN,12,51.122302,66.537930
3086,ICN,13,51.305353,70.195917
3087,ICN,14,51.373722,73.873985
3088,ICN,15,51.326785,77.553774
3089,ICN,16,51.164971,81.216862
3090,ICN,17,50.889739,84.845428
3091,ICN,18,50.503516,88.422863
3092,ICN,19,50.009600,91.934281
3093,ICN,20,49.412022,95.366892
3094,ICN,21,48.715408,98.710228
3095,ICN,22,47.924822,101.956216
3096,ICN,23,47.045620,105.099128
3097,ICN,24,46.083308,108.135425
3098,ICN,25,45.043429,111.063530
3099,ICN,26,43.931461,113.883563
3100,ICN,27,42.752738,116.597058
3101,ICN,28,41.512390,119.206689
3102,ICN,29,40.215303,121.716009
3103,ICN,30,38.866096,124.129224
3104,ICN,31,37.469101,126.450996
3105,IFN,0,41.275278,28.751944
3106,IFN,1,41.076584,29.578368
3107,IFN,2,40.872022,30.399738
3108,IFN,3,40.661670,31.215977
3109,IFN,4,40.445607,32.027015
3110,IFN,5,40.223913,32.832788
3111,IFN,6,39.996668,33.633239
3112,IFN,7,39.763953,34.428316
3113,IFN,8,39.525851,35.217976
3114,IFN,9,39.282443,36.002180
3115,IFN,10,39.033811,36.780894
3116,IFN,11,38.780039,37.554091
3117,IFN,12,38.521208,38.321751
3118,IFN,13,38.257402,39.083857
3119,IFN,14,37.988703,39.840399
3120,IFN,15,37.715194,40.591370
3121,IFN,16,37.436957,41.336769
3122,IFN,17,37.154074,42.076600
3123,IFN,18,36.866627,42.810872
3124,IFN,19,36.574697,43.539597
3125,IFN,20,36.278366,44.262792
3126,IFN,21,35.977713,44.980478
3127,IFN,22,35.672820,45.692678
3128,IFN,23,35.363764,46.399420
3129,IFN,24,35.050626,47.100737
3130,IFN,25,34.733483,47.796663
3131,IFN,26,34.412412,48.487235
3132,IFN,27,34.087490,49.172494
3133,IFN,28,33.758793,49.852483
3134,IFN,29,33.426397,50.527248
3135,IFN,30,33.090375,51.196837
3136,IFN,31,32.750801,51.861301
3137,IGD,0,41.275278,28.751944
3138,IGD,1,41.264629,29.246922
3139,IGD,2,41.251862,29.741722
3140,IGD,3,41.236977,30.236312
3141,IGD,4,41.219976,30.730662
3142,IGD,5,41.200863,31.224738
3143,IGD,6,41.179639,31.718511
3144,IGD,7,41.156308,32.211947
3145,IGD,8,41.130873,32.705017
3146,IGD,9,41.103337,33.197688
3147,IGD,10,41.073705,33.689931
3148,IGD,11,41.041980,34.181714
3149,IGD,12,41.008166,34.673009
3150,IGD,13,40.972269,35.163783
3151,IGD,14,40.934292,35.654009
3152,IGD,15,40.894243,36.143656
3153,IGD,16,40.852124,36.632695
3154,IGD,17,40.807944,37.121097
3155,IGD,18,40.761706,37.608835
3156,IGD,19,40.713419,38.095879
3157,IGD,20,40.663087,38.582202
3158,IGD,21,40.610718,39.067778
3159,IGD,22,40.556319,39.552578
3160,IGD,23,40.499897,40.036576
3161,IGD,24,40.441459,40.519746
3162,IGD,25,40.381013,41.002063
3163,IGD,26,40.318567,41.483500
3164,IGD,27,40.254130,41.964034
3165,IGD,28,40.187708,42.443639
3166,IGD,29,40.119311,42.922292
3167,IGD,30,40.048948,43.399970
3168,IGD,31,39.976627,43.876648
3169,IKA,0,41.275278,28.751944
3170,IKA,1,41.156981,29.527673
3171,IKA,2,41.033499,30.300546
3172,IKA,3,40.904873,31.070466
3173,IKA,4,40.771148,31.837337
3174,IKA,5,40.632367,32.601069
3175,IKA,6,40.488576,33.361577
3176,IKA,7,40.339822,34.118776
3177,IKA,8,40.186152,34.872589
3178,IKA,9,40.027616,35.622941
3179,IKA,10,39.864263,36.369760
3180,IKA,11,39.696144,37.112980
3181,IKA,12,39.523310,37.852538
3182,IKA,13,39.345813,38.588375
3183,IKA,14,39.163707,39.320435
3184,IKA,15,38.977044,40.048668
3185,IKA,16,38.785880,40.773025
3186,IKA,17,38.590268,41.493464
3187,IKA,18,38.390264,42.209944
3188,IKA,19,38.185923,42.922429
3189,IKA,20,37.977301,43.630887
3190,IKA,21,37.764454,44.335288
3191,IKA,22,37.547439,45.035607
3192,IKA,23,37.326313,45.731822
3193,IKA,24,37.101131,46.423913
3194,IKA,25,36.871951,47.111867
3195,IKA,26,36.638830,47.795669
3196,IKA,27,36.401824,48.475311
3197,IKA,28,36.160992,49.150787
3198,IKA,29,35.916389,49.822094
3199,IKA,30,35.668073,50.489230
3200,IKA,31,35.416100,51.152199
3201,ISB,0,41.275278,28.751944
3202,ISB,1,41.306088,30.274200
3203,ISB,2,41.316829,31.797427
3204,ISB,3,41.307487,33.320686
3205,ISB,4,41.278074,34.843040
3206,ISB,5,41.228630,36.363556
3207,ISB,6,41.159219,37.881311
3208,ISB,7,41.069932,39.395396
3209,ISB,8,40.960886,40.904921
3210,ISB,9,40.832221,42.409019
3211,ISB,10,40.684101,43.906853
3212,ISB,11,40.516715,45.397614
3213,ISB,12,40.330271,46.880528
3214,ISB,13,40.124999,48.354862
3215,ISB,14,39.901149,49.819919
3216,ISB,15,39.658987,51.275047
3217,ISB,16,39.398798,52.719638
3218,ISB,17,39.120880,54.153129
3219,ISB,18,38.825548,55.575004
3220,ISB,19,38.513126,56.984794
3221,ISB,20,38.183951,58.382078
3222,ISB,21,37.838370,59.766481
3223,ISB,22,37.476737,61.137676
3224,ISB,23,37.099414,62.495379
3225,ISB,24,36.706768,63.839355
3226,ISB,25,36.299172,65.169409
3227,ISB,26,35.876999,66.485390
3228,ISB,27,35.440627,67.787187
3229,ISB,28,34.990434,69.074727
3230,ISB,29,34.526800,70.347973
3231,ISB,30,34.050101,71.606925
3232,ISB,31,33.560713,72.851613
3233,ISE,0,41.275278,28.751944
3234,ISE,1,41.165321,28.806663
3235,ISE,2,41.055338,28.861198
3236,ISE,3,40.945330,28.915551
3237,ISE,4,40.835296,28.969724
3238,ISE,5,40.725237,29.023717
3239,ISE,6,40.615153,29.077531
3240,ISE,7,40.505044,29.131169
3241,ISE,8,40.394910,29.184630
3242,ISE,9,40.284752,29.237917
3243,ISE,10,40.174569,29.291031
3244,ISE,11,40.064362,29.343972
3245,ISE,12,39.954131,29.396743
3246,ISE,13,39.843877,29.449343
3247,ISE,14,39.733598,29.501775
3248,ISE,15,39.623296,29.554040
3249,ISE,16,39.512971,29.606138
3250,ISE,17,39.402623,29.658071
3251,ISE,18,39.292251,29.709839
3252,ISE,19,39.181857,29.761445
3253,ISE,20,39.071440,29.812889
3254,ISE,21,38.961000,29.864172
3255,ISE,22,38.850538,29.915295
3256,ISE,23,38.740054,29.966260
3257,ISE,24,38.629548,30.017068
3258,ISE,25,38.519020,30.067719
3259,ISE,26,38.408470,30.118215
3260,ISE,27,38.297899,30.168556
3261,ISE,28,38.187306,30.218745
3262,ISE,29,38.076692,30.268781
3263,ISE,30,37.966056,30.318666
3264,ISE,31,37.855400,30.368401
3265,ISU,0,41.275278,28.751944
3266,ISU,1,41.129545,29.326869
3267,ISU,2,40.980967,29.899221
3268,ISU,3,40.829571,30.468976
3269,ISU,4,40.675385,31.036111
3270,ISU,5,40.518437,31.600606
3271,ISU,6,40.358755,32.162441
3272,ISU,7,40.196367,32.721598
3273,ISU,8,40.031302,33.278062
3274,ISU,9,39.863589,33.831817
3275,ISU,10,39.693255,34.382851
3276,ISU,11,39.520330,34.931152
3277,ISU,12,39.344841,35.476709
3278,ISU,13,39.166819,36.019514
3279,ISU,14,38.986292,36.559558
3280,ISU,15,38.803288,37.096837
3281,ISU,16,38.617836,37.631344
3282,ISU,17,38.429965,38.163076
3283,ISU,18,38.239704,38.692032
3284,ISU,19,38.047081,39.218209
3285,ISU,20,37.852126,39.741608
3286,ISU,21,37.654866,40.262230
3287,ISU,22,37.455331,40.780078
3288,ISU,23,37.253547,41.295154
3289,ISU,24,37.049545,41.807463
3290,ISU,25,36.843352,42.317011
3291,ISU,26,36.634996,42.823804
3292,ISU,27,36.424506,43.327850
3293,ISU,28,36.211908,43.829156
3294,ISU,29,35.997231,44.327733
3295,ISU,30,35.780502,44.823590
3296,ISU,31,35.561749,45.316738
3297,JED,0,41.275278,28.751944
3298,JED,1,40.658972,29.170549
3299,JED,2,40.041181,29.581481
3300,JED,3,39.421966,29.985024
3301,JED,4,38.801380,30.381453
3302,JED,5,38.179478,30.771028
3303,JED,6,37.556311,31.154003
3304,JED,7,36.931928,31.530619
3305,JED,8,36.306375,31.901109
3306,JED,9,35.679696,32.265697
3307,JED,10,35.051936,32.624598
3308,JED,11,34.423135,32.978018
3309,JED,12,33.793333,33.326158
3310,JED,13,33.162567,33.669209
3311,JED,14,32.530874,34.007356
3312,JED,15,31.898289,34.340777
3313,JED,16,31.264846,34.669643
3314,JED,17,30.630576,34.994121
3315,JED,18,29.995511,35.314370
3316,JED,19,29.359681,35.630544
3317,JED,20,28.723114,35.942793
3318,JED,21,28.085839,36.251260
3319,JED,22,27.447883,36.556085
3320,JED,23,26.809271,36.857403
3321,JED,24,26.170028,37.155343
3322,JED,25,25.530178,37.450033
3323,JED,26,24.889745,37.741594
3324,JED,27,24.248752,38.030146
3325,JED,28,23.607220,38.315802
3326,JED,29,22.965170,38.598675
3327,JED,30,22.322624,38.878873
3328,JED,31,21.679600,39.156502
3329,JFK,0,41.275278,28.751944
3330,JFK,1,42.712162,26.286117
3331,JFK,2,44.093682,23.705728
3332,JFK,3,45.414389,21.004694
3333,JFK,4,46.668442,18.177669
3334,JFK,5,47.849626,15.220378
3335,JFK,6,48.951409,12.130023
3336,JFK,7,49.967011,8.905725
3337,JFK,8,50.889515,5.548993
3338,JFK,9,51.712011,2.064178
3339,JFK,10,52.427770,-1.541134
3340,JFK,11,53.030455,-5.255849
3341,JFK,12,53.514350,-9.065283
3342,JFK,13,53.874588,-12.951310
3343,JFK,14,54.107382,-16.892795
3344,JFK,15,54.210200,-20.866286
3345,JFK,16,54.181905,-24.846946
3346,JFK,17,54.022811,-28.809622
3347,JFK,18,53.734668,-32.729950
3348,JFK,19,53.320569,-36.585375
3349,JFK,20,52.784793,-40.355989
3350,JFK,21,52.132601,-44.025115
3351,JFK,22,51.370007,-47.579612
3352,JFK,23,50.503541,-51.009924
3353,JFK,24,49.540037,-54.309900
3354,JFK,25,48.486425,-57.476469
3355,JFK,26,47.349581,-60.509208
3356,JFK,27,46.136188,-63.409882
3357,JFK,28,44.852649,-66.181977
3358,JFK,29,43.505022,-68.830276
3359,JFK,30,42.098981,-71.360482
3360,JFK,31,40.639801,-73.778900
3361,JIB,0,41.275278,28.751944
3362,JIB,1,40.346283,29.375629
3363,JIB,2,39.414030,29.982337
3364,JIB,3,38.478709,30.573006
3365,JIB,4,37.540497,31.148519
3366,JIB,5,36.599563,31.709707
3367,JIB,6,35.656060,32.257353
3368,JIB,7,34.710136,32.792192
3369,JIB,8,33.761929,33.314922
3370,JIB,9,32.811566,33.826199
3371,JIB,10,31.859169,34.326643
3372,JIB,11,30.904853,34.816843
3373,JIB,12,29.948725,35.297355
3374,JIB,13,28.990887,35.768706
3375,JIB,14,28.031435,36.231396
3376,JIB,15,27.070461,36.685903
3377,JIB,16,26.108051,37.132677
3378,JIB,17,25.144287,37.572150
3379,JIB,18,24.179246,38.004733
3380,JIB,19,23.213003,38.430817
3381,JIB,20,22.245629,38.850779
3382,JIB,21,21.277191,39.264976
3383,JIB,22,20.307754,39.673753
3384,JIB,23,19.337380,40.077440
3385,JIB,24,18.366127,40.476354
3386,JIB,25,17.394053,40.870801
3387,JIB,26,16.421213,41.261075
3388,JIB,27,15.447658,41.647461
3389,JIB,28,14.473442,42.030234
3390,JIB,29,13.498611,42.409660
3391,JIB,30,12.523216,42.785998
3392,JIB,31,11.547300,43.159500
3393,JNB,0,41.275278,28.751944
3394,JNB,1,39.100642,28.727890
3395,JNB,2,36.926002,28.705277
3396,JNB,3,34.751358,28.683918
3397,JNB,4,32.576710,28.663656
3398,JNB,5,30.402059,28.644354
3399,JNB,6,28.227405,28.625893
3400,JNB,7,26.052749,28.608170
3401,JNB,8,23.878091,28.591093
3402,JNB,9,21.703431,28.574580
3403,JNB,10,19.528770,28.558559
3404,JNB,11,17.354107,28.542964
3405,JNB,12,15.179443,28.527735
3406,JNB,13,13.004777,28.512816
3407,JNB,14,10.830111,28.498157
3408,JNB,15,8.655445,28.483709
3409,JNB,16,6.480778,28.469428
3410,JNB,17,4.306110,28.455269
3411,JNB,18,2.131442,28.441190
3412,JNB,19,-0.043226,28.427152
3413,JNB,20,-2.217894,28.413113
3414,JNB,21,-4.392561,28.399032
3415,JNB,22,-6.567229,28.384869
3416,JNB,23,-8.741896,28.370581
3417,JNB,24,-10.916563,28.356126
3418,JNB,25,-13.091229,28.341457
3419,JNB,26,-15.265894,28.326527
3420,JNB,27,-17.440558,28.311285
3421,JNB,28,-19.615221,28.295674
3422,JNB,29,-21.789882,28.279635
3423,JNB,30,-23.964542,28.263101
3424,JNB,31,-26.139200,28.246000
3425,JRO,0,41.275278,28.751944
3426,JRO,1,39.842385,29.138856
3427,JRO,2,38.408260,29.509941
3428,JRO,3,36.973011,29.866575
3429,JRO,4,35.536734,30.210001
3430,JRO,5,34.099518,30.541338
3431,JRO,6,32.661442,30.861604
3432,JRO,7,31.222578,31.171722
3433,JRO,8,29.782993,31.472537
3434,JRO,9,28.342746,31.764819
3435,JRO,10,26.901893,32.049277
3436,JRO,11,25.460484,32.326566
3437,JRO,12,24.018567,32.597287
3438,JRO,13,22.576185,32.862002
3439,JRO,14,21.133378,33.121231
3440,JRO,15,19.690184,33.375460
3441,JRO,16,18.246639,33.625146
3442,JRO,17,16.802776,33.870717
3443,JRO,18,15.358626,34.112577
3444,JRO,19,13.914219,34.351110
3445,JRO,20,12.469582,34.586682
3446,JRO,21,11.024744,34.819640
3447,JRO,22,9.579730,35.050320
3448,JRO,23,8.134565,35.279044
3449,JRO,24,6.689272,35.506125
3450,JRO,25,5.243877,35.731865
3451,JRO,26,3.798400,35.956562
3452,JRO,27,2.352866,36.180508
3453,JRO,28,0.907296,36.403989
3454,JRO,29,-0.538288,36.627292
3455,JRO,30,-1.983864,36.850701
3456,JRO,31,-3.429410,37.074501
3457,KAN,0,41.275278,28.751944
3458,KAN,1,40.391779,27.880680
3459,KAN,2,39.501911,27.032063
3460,KAN,3,38.606030,26.204975
3461,KAN,4,37.704471,25.398349
3462,KAN,5,36.797550,24.611168
3463,KAN,6,35.885563,23.842461
3464,KAN,7,34.968790,23.091305
3465,KAN,8,34.047494,22.356815
3466,KAN,9,33.121925,21.638153
3467,KAN,10,32.192316,20.934514
3468,KAN,11,31.258891,20.245134
3469,KAN,12,30.321858,19.569282
3470,KAN,13,29.381417,18.906261
3471,KAN,14,28.437756,18.255404
3472,KAN,15,27.491054,17.616074
3473,KAN,16,26.541481,16.987661
3474,KAN,17,25.589198,16.369582
3475,KAN,18,24.634358,15.761278
3476,KAN,19,23.677109,15.162214
3477,KAN,20,22.717589,14.571874
3478,KAN,21,21.755933,13.989764
3479,KAN,22,20.792268,13.415409
3480,KAN,23,19.826717,12.848351
3481,KAN,24,18.859397,12.288149
3482,KAN,25,17.890420,11.734377
3483,KAN,26,16.919896,11.186625
3484,KAN,27,15.947929,10.644492
3485,KAN,28,14.974619,10.107595
3486,KAN,29,14.000066,9.575558
3487,KAN,30,13.024362,9.048018
3488,KAN,31,12.047600,8.524620
3489,KBL,0,41.275278,28.751944
3490,KBL,1,41.292456,30.138855
3491,KBL,2,41.292984,31.526142
3492,KBL,3,41.276859,32.913098
3493,KBL,4,41.244100,34.299016
3494,KBL,5,41.194742,35.683193
3495,KBL,6,41.128840,37.064936
3496,KBL,7,41.046465,38.443559
3497,KBL,8,40.947705,39.818394
3498,KBL,9,40.832667,41.188784
3499,KBL,10,40.701473,42.554095
3500,KBL,11,40.554260,43.913712
3501,KBL,12,40.391181,45.267043
3502,KBL,13,40.212405,46.613523
3503,KBL,14,40.018113,47.952611
3504,KBL,15,39.808498,49.283797
3505,KBL,16,39.583767,50.606600
3506,KBL,17,39.344138,51.920569
3507,KBL,18,39.089837,53.225286
3508,KBL,19,38.821103,54.520364
3509,KBL,20,38.538181,55.805448
3510,KBL,21,38.241325,57.080216
3511,KBL,22,37.930794,58.344380
3512,KBL,23,37.606855,59.597681
3513,KBL,24,37.269779,60.839894
3514,KBL,25,36.919842,62.070826
3515,KBL,26,36.557322,63.290310
3516,KBL,27,36.182501,64.498214
3517,KBL,28,35.795663,65.694431
3518,KBL,29,35.397093,66.878882
3519,KBL,30,34.987076,68.051515
3520,KBL,31,34.565899,69.212303
3521,KBP,0,41.275278,28.751944
3522,KBP,1,41.568414,28.811142
3523,KBP,2,41.861519,28.870880
3524,KBP,3,42.154593,28.931167
3525,KBP,4,42.447635,28.992016
3526,KBP,5,42.740645,29.053437
3527,KBP,6,43.033622,29.115441
3528,KBP,7,43.326564,29.178039
3529,KBP,8,43.619473,29.241245
3530,KBP,9,43.912346,29.305069
3531,KBP,10,44.205183,29.369524
3532,KBP,11,44.497984,29.434624
3533,KBP,12,44.790747,29.500380
3534,KBP,13,45.083472,29.566807
3535,KBP,14,45.376158,29.633918
3536,KBP,15,45.668805,29.701728
3537,KBP,16,45.961411,29.770250
3538,KBP,17,46.253976,29.839499
3539,KBP,18,46.546498,29.909492
3540,KBP,19,46.838977,29.980243
3541,KBP,20,47.131412,30.051768
3542,KBP,21,47.423802,30.124084
3543,KBP,22,47.716147,30.197208
3544,KBP,23,48.008444,30.271157
3545,KBP,24,48.300693,30.345949
3546,KBP,25,48.592893,30.421602
3547,KBP,26,48.885043,30.498136
3548,KBP,27,49.177142,30.575568
3549,KBP,28,49.469188,30.653920
3550,KBP,29,49.761181,30.733212
3551,KBP,30,50.053119,30.813464
3552,KBP,31,50.345001,30.894699
3553,KCM,0,41.275278,28.751944
3554,KCM,1,41.164081,29.030421
3555,KCM,2,41.052216,29.307952
3556,KCM,3,40.939687,29.584538
3557,KCM,4,40.826499,29.860180
3558,KCM,5,40.712658,30.134880
3559,KCM,6,40.598167,30.408640
3560,KCM,7,40.483033,30.681461
3561,KCM,8,40.367259,30.953345
3562,KCM,9,40.250851,31.224295
3563,KCM,10,40.133813,31.494311
3564,KCM,11,40.016150,31.763396
3565,KCM,12,39.897867,32.031553
3566,KCM,13,39.778969,32.298783
3567,KCM,14,39.659460,32.565089
3568,KCM,15,39.539345,32.830473
3569,KCM,16,39.418628,33.094938
3570,KCM,17,39.297315,33.358487
3571,KCM,18,39.175409,33.621121
3572,KCM,19,39.052916,33.882844
3573,KCM,20,38.929840,34.143659
3574,KCM,21,38.806186,34.403568
3575,KCM,22,38.681958,34.662574
3576,KCM,23,38.557161,34.920680
3577,KCM,24,38.431799,35.177890
3578,KCM,25,38.305877,35.434207
3579,KCM,26,38.179399,35.689632
3580,KCM,27,38.052369,35.944171
3581,KCM,28,37.924793,36.197826
3582,KCM,29,37.796674,36.450601
3583,KCM,30,37.668017,36.702498
3584,KCM,31,37.538826,36.953522
3585,KFS,0,41.275278,28.751944
3586,KFS,1,41.279969,28.914472
3587,KFS,2,41.284431,29.077023
3588,KFS,3,41.288665,29.239596
3589,KFS,4,41.292670,29.402189
3590,KFS,5,41.296446,29.564802
3591,KFS,6,41.299993,29.727433
3592,KFS,7,41.303312,29.890081
3593,KFS,8,41.306401,30.052745
3594,KFS,9,41.309262,30.215423
3595,KFS,10,41.311893,30.378116
3596,KFS,11,41.314295,30.540821
3597,KFS,12,41.316469,30.703538
3598,KFS,13,41.318413,30.866264
3599,KFS,14,41.320127,31.029000
3600,KFS,15,41.321613,31.191744
3601,KFS,16,41.322869,31.354495
3602,KFS,17,41.323896,31.517251
3603,KFS,18,41.324694,31.680012
3604,KFS,19,41.325263,31.842777
3605,KFS,20,41.325602,32.005543
3606,KFS,21,41.325712,32.168311
3607,KFS,22,41.325593,32.331079
3608,KFS,23,41.325244,32.493846
3609,KFS,24,41.324666,32.656610
3610,KFS,25,41.323859,32.819371
3611,KFS,26,41.322822,32.982127
3612,KFS,27,41.321556,33.144878
3613,KFS,28,41.320062,33.307621
3614,KFS,29,41.318337,33.470357
3615,KFS,30,41.316384,33.633083
3616,KFS,31,41.314201,33.795799
3617,KGL,0,41.275278,28.751944
3618,KGL,1,39.880571,28.816156
3619,KGL,2,38.485831,28.877808
3620,KGL,3,37.091059,28.937118
3621,KGL,4,35.696259,28.994284
3622,KGL,5,34.301433,29.049484
3623,KGL,6,32.906583,29.102880
3624,KGL,7,31.511711,29.154620
3625,KGL,8,30.116819,29.204837
3626,KGL,9,28.721908,29.253656
3627,KGL,10,27.326980,29.301189
3628,KGL,11,25.932036,29.347541
3629,KGL,12,24.537078,29.392807
3630,KGL,13,23.142107,29.437079
3631,KGL,14,21.747123,29.480438
3632,KGL,15,20.352129,29.522963
3633,KGL,16,18.957124,29.564727
3634,KGL,17,17.562111,29.605798
3635,KGL,18,16.167088,29.646240
3636,KGL,19,14.772059,29.686116
3637,KGL,20,13.377023,29.725483
3638,KGL,21,11.981980,29.764396
3639,KGL,22,10.586932,29.802909
3640,KGL,23,9.191880,29.841073
3641,KGL,24,7.796824,29.878938
3642,KGL,25,6.401764,29.916550
3643,KGL,26,5.006702,29.953958
3644,KGL,27,3.611637,29.991207
3645,KGL,28,2.216571,30.028341
3646,KGL,29,0.821504,30.065405
3647,KGL,30,-0.573563,30.102444
3648,KGL,31,-1.968630,30.139500
3649,KHI,0,41.275278,28.751944
3650,KHI,1,40.965213,30.224765
3651,KHI,2,40.636585,31.683401
3652,KHI,3,40.289787,33.127356
3653,KHI,4,39.925227,34.556194
3654,KHI,5,39.543318,35.969539
3655,KHI,6,39.144483,37.367073
3656,KHI,7,38.729149,38.748538
3657,KHI,8,38.297749,40.113727
3658,KHI,9,37.850717,41.462488
3659,KHI,10,37.388489,42.794719
3660,KHI,11,36.911502,44.110365
3661,KHI,12,36.420190,45.409417
3662,KHI,13,35.914986,46.691906
3663,KHI,14,35.396318,47.957903
3664,KHI,15,34.864614,49.207517
3665,KHI,16,34.320291,50.440888
3666,KHI,17,33.763767,51.658188
3667,KHI,18,33.195448,52.859615
3668,KHI,19,32.615737,54.045396
3669,KHI,20,32.025030,55.215778
3670,KHI,21,31.423712,56.371028
3671,KHI,22,30.812165,57.511434
3672,KHI,23,30.190758,58.637297
3673,KHI,24,29.559857,59.748934
3674,KHI,25,28.919817,60.846674
3675,KHI,26,28.270984,61.930855
3676,KHI,27,27.613697,63.001826
3677,KHI,28,26.948287,64.059942
3678,KHI,29,26.275076,65.105564
3679,KHI,30,25.594378,66.139059
3680,KHI,31,24.906500,67.160797
3681,KIV,0,41.275278,28.751944
3682,KIV,1,41.457618,28.757216
3683,KIV,2,41.639958,28.762517
3684,KIV,3,41.822298,28.767849
3685,KIV,4,42.004638,28.773211
3686,KIV,5,42.186977,28.778604
3687,KIV,6,42.369316,28.784028
3688,KIV,7,42.551655,28.789484
3689,KIV,8,42.733993,28.794971
3690,KIV,9,42.916332,28.800491
3691,KIV,10,43.098670,28.806044
3692,KIV,11,43.281007,28.811630
3693,KIV,12,43.463345,28.817250
3694,KIV,13,43.645682,28.822903
3695,KIV,14,43.828019,28.828591
3696,KIV,15,44.010356,28.834314
3697,KIV,16,44.192692,28.840072
3698,KIV,17,44.375028,28.845866
3699,KIV,18,44.557364,28.851696
3700,KIV,19,44.739699,28.857563
3701,KIV,20,44.922034,28.863467
3702,KIV,21,45.104369,28.869408
3703,KIV,22,45.286704,28.875388
3704,KIV,23,45.469038,28.881406
3705,KIV,24,45.651372,28.887463
3706,KIV,25,45.833706,28.893559
3707,KIV,26,46.016039,28.899696
3708,KIV,27,46.198372,28.905874
3709,KIV,28,46.380704,28.912092
3710,KIV,29,46.563037,28.918352
3711,KIV,30,46.745368,28.924655
3712,KIV,31,46.927700,28.931000
3713,KIX,0,41.275278,28.751944
3714,KIX,1,42.741210,31.538592
3715,KIX,2,44.136370,34.456840
3716,KIX,3,45.453720,37.512256
3717,KIX,4,46.685804,40.708943
3718,KIX,5,47.824817,44.049032
3719,KIX,6,48.862730,47.532132
3720,KIX,7,49.791446,51.154765
3721,KIX,8,50.603006,54.909863
3722,KIX,9,51.289838,58.786378
3723,KIX,10,51.845035,62.769103
3724,KIX,11,52.262653,66.838769
3725,KIX,12,52.537989,70.972479
3726,KIX,13,52.667830,75.144480
3727,KIX,14,52.650628,79.327240
3728,KIX,15,52.486587,83.492714
3729,KIX,16,52.177659,87.613675
3730,KIX,17,51.727422,91.664952
3731,KIX,18,51.140894,95.624440
3732,KIX,19,50.424271,99.473792
3733,KIX,20,49.584639,103.198775
3734,KIX,21,48.629686,106.789298
3735,KIX,22,47.567424,110.239170
3736,KIX,23,46.405951,113.545684
3737,KIX,24,45.153256,116.709089
3738,KIX,25,43.817070,119.732024
3739,KIX,26,42.404760,122.618980
3740,KIX,27,40.923257,125.375797
3741,KIX,28,39.379021,128.009241
3742,KIX,29,37.778028,130.526654
3743,KIX,30,36.125776,132.935669
3744,KIX,31,34.427299,135.244003
3745,KRT,0,41.275278,28.751944
3746,KRT,1,40.448805,28.912440
3747,KRT,2,39.622115,29.069036
3748,KRT,3,38.795219,29.221934
3749,KRT,4,37.968129,29.371325
3750,KRT,5,37.140855,29.517386
3751,KRT,6,36.313405,29.660287
3752,KRT,7,35.485788,29.800185
3753,KRT,8,34.658014,29.937232
3754,KRT,9,33.830089,30.071567
3755,KRT,10,33.002021,30.203325
3756,KRT,11,32.173817,30.332632
3757,KRT,12,31.345485,30.459608
3758,KRT,13,30.517029,30.584368
3759,KRT,14,29.688456,30.707018
3760,KRT,15,28.859773,30.827662
3761,KRT,16,28.030984,30.946398
3762,KRT,17,27.202094,31.063318
3763,KRT,18,26.373109,31.178513
3764,KRT,19,25.544032,31.292066
3765,KRT,20,24.714870,31.404059
3766,KRT,21,23.885625,31.514571
3767,KRT,22,23.056303,31.623674
3768,KRT,23,22.226906,31.731441
3769,KRT,24,21.397440,31.837941
3770,KRT,25,20.567906,31.943239
3771,KRT,26,19.738310,32.047399
3772,KRT,27,18.908655,32.150482
3773,KRT,28,18.078943,32.252547
3774,KRT,29,17.249178,32.353652
3775,KRT,30,16.419363,32.453852
3776,KRT,31,15.589500,32.553200
3777,KSH,0,41.275278,28.751944
3778,KSH,1,41.099707,29.399812
3779,KSH,2,40.920527,30.044190
3780,KSH,3,40.737779,30.685049
3781,KSH,4,40.551506,31.322364
3782,KSH,5,40.361751,31.956109
3783,KSH,6,40.168557,32.586265
3784,KSH,7,39.971966,33.212812
3785,KSH,8,39.772021,33.835735
3786,KSH,9,39.568766,34.455020
3787,KSH,10,39.362243,35.070656
3788,KSH,11,39.152496,35.682634
3789,KSH,12,38.939567,36.290947
3790,KSH,13,38.723500,36.895591
3791,KSH,14,38.504338,37.496563
3792,KSH,15,38.282124,38.093864
3793,KSH,16,38.056900,38.687494
3794,KSH,17,37.828709,39.277458
3795,KSH,18,37.597593,39.863762
3796,KSH,19,37.363595,40.446411
3797,KSH,20,37.126758,41.025417
3798,KSH,21,36.887122,41.600788
3799,KSH,22,36.644729,42.172539
3800,KSH,23,36.399622,42.740682
3801,KSH,24,36.151841,43.305233
3802,KSH,25,35.901427,43.866209
3803,KSH,26,35.648420,44.423629
3804,KSH,27,35.392861,44.977511
3805,KSH,28,35.134791,45.527877
3806,KSH,29,34.874248,46.074748
3807,KSH,30,34.611272,46.618148
3808,KSH,31,34.345901,47.158100
3809,KSY,0,41.275278,28.751944
3810,KSY,1,41.280323,29.218231
3811,KSY,2,41.283487,29.684577
3812,KSY,3,41.284768,30.150955
3813,KSY,4,41.284167,30.617337
3814,KSY,5,41.281684,31.083697
3815,KSY,6,41.277320,31.550009
3816,KSY,7,41.271074,32.016245
3817,KSY,8,41.262947,32.482378
3818,KSY,9,41.252941,32.948381
3819,KSY,10,41.241057,33.414229
3820,KSY,11,41.227296,33.879894
3821,KSY,12,41.211659,34.345349
3822,KSY,13,41.194150,34.810569
3823,KSY,14,41.174770,35.275526
3824,KSY,15,41.153520,35.740196
3825,KSY,16,41.130405,36.204551
3826,KSY,17,41.105427,36.668565
3827,KSY,18,41.078589,37.132214
3828,KSY,19,41.049893,37.595471
3829,KSY,20,41.019345,38.058311
3830,KSY,21,40.986946,38.520709
3831,KSY,22,40.952702,38.982640
3832,KSY,23,40.916616,39.444080
3833,KSY,24,40.878694,39.905002
3834,KSY,25,40.838938,40.365385
3835,KSY,26,40.797354,40.825203
3836,KSY,27,40.753948,41.284432
3837,KSY,28,40.708724,41.743050
3838,KSY,29,40.661687,42.201032
3839,KSY,30,40.612843,42.658357
3840,KSY,31,40.562199,43.115002
3841,KTM,0,41.275278,28.751944
3842,KTM,1,41.315063,30.799849
3843,KTM,2,41.318521,32.849114
3844,KTM,3,41.285644,34.897453
3845,KTM,4,41.216511,36.942594
3846,KTM,5,41.111286,38.982291
3847,KTM,6,40.970217,41.014352
3848,KTM,7,40.793635,43.036656
3849,KTM,8,40.581947,45.047171
3850,KTM,9,40.335636,47.043969
3851,KTM,10,40.055252,49.025244
3852,KTM,11,39.741410,50.989321
3853,KTM,12,39.394779,52.934668
3854,KTM,13,39.016085,54.859898
3855,KTM,14,38.606095,56.763777
3856,KTM,15,38.165617,58.645229
3857,KTM,16,37.695493,60.503329
3858,KTM,17,37.196589,62.337306
3859,KTM,18,36.669794,64.146536
3860,KTM,19,36.116012,65.930542
3861,KTM,20,35.536157,67.688981
3862,KTM,21,34.931150,69.421641
3863,KTM,22,34.301912,71.128430
3864,KTM,23,33.649361,72.809370
3865,KTM,24,32.974409,74.464587
3866,KTM,25,32.277959,76.094301
3867,KTM,26,31.560903,77.698818
3868,KTM,27,30.824116,79.278522
3869,KTM,28,30.068459,80.833863
3870,KTM,29,29.294775,82.365356
3871,KTM,30,28.503887,83.873564
3872,KTM,31,27.696600,85.359100
3873,KUL,0,41.275278,28.751944
3874,KUL,1,40.836545,31.925945
3875,KUL,2,40.312045,35.054182
3876,KUL,3,39.704658,38.130447
3877,KUL,4,39.017574,41.149562
3878,KUL,5,38.254230,44.107400
3879,KUL,6,37.418240,47.000873
3880,KUL,7,36.513335,49.827879
3881,KUL,8,35.543307,52.587238
3882,KUL,9,34.511958,55.278602
3883,KUL,10,33.423060,57.902363
3884,KUL,11,32.280319,60.459551
3885,KUL,12,31.087351,62.951735
3886,KUL,13,29.847655,65.380938
3887,KUL,14,28.564606,67.749540
3888,KUL,15,27.241441,70.060209
3889,KUL,16,25.881253,72.315832
3890,KUL,17,24.486995,74.519455
3891,KUL,18,23.061476,76.674232
3892,KUL,19,21.607369,78.783393
3893,KUL,20,20.127215,80.850200
3894,KUL,21,18.623428,82.877932
3895,KUL,22,17.098308,84.869858
3896,KUL,23,15.554047,86.829226
3897,KUL,24,13.992737,88.759254
3898,KUL,25,12.416381,90.663120
3899,KUL,26,10.826901,92.543964
3900,KUL,27,9.226152,94.404885
3901,KUL,28,7.615925,96.248940
3902,KUL,29,5.997961,98.079154
3903,KUL,30,4.373957,99.898518
3904,KUL,31,2.745580,101.709999
3905,KVD,0,41.275278,28.751944
3906,KVD,1,41.299851,29.319570
3907,KVD,2,41.321633,29.887599
3908,KVD,3,41.340621,30.455983
3909,KVD,4,41.356811,31.024675
3910,KVD,5,41.370201,31.593625
3911,KVD,6,41.380787,32.162785
3912,KVD,7,41.388568,32.732106
3913,KVD,8,41.393542,33.301539
3914,KVD,9,41.395708,33.871034
3915,KVD,10,41.395067,34.440542
3916,KVD,11,41.391618,35.010014
3917,KVD,12,41.385361,35.579402
3918,KVD,13,41.376299,36.148655
3919,KVD,14,41.364432,36.717725
3920,KVD,15,41.349762,37.286564
3921,KVD,16,41.332294,37.855121
3922,KVD,17,41.312029,38.423349
3923,KVD,18,41.288971,38.991200
3924,KVD,19,41.263125,39.558625
3925,KVD,20,41.234496,40.125578
3926,KVD,21,41.203088,40.692009
3927,KVD,22,41.168908,41.257874
3928,KVD,23,41.131961,41.823124
3929,KVD,24,41.092254,42.387714
3930,KVD,25,41.049795,42.951599
3931,KVD,26,41.004592,43.514733
3932,KVD,27,40.956651,44.077071
3933,KVD,28,40.905983,44.638570
3934,KVD,29,40.852595,45.199187
3935,KVD,30,40.796498,45.758877
3936,KVD,31,40.737701,46.317600
3937,KWI,0,41.275278,28.751944
3938,KWI,1,40.940000,29.468810
3939,KWI,2,40.600327,30.178387
3940,KWI,3,40.256356,30.880745
3941,KWI,4,39.908183,31.575955
3942,KWI,5,39.555900,32.264093
3943,KWI,6,39.199600,32.945237
3944,KWI,7,38.839375,33.619470
3945,KWI,8,38.475313,34.286875
3946,KWI,9,38.107502,34.947539
3947,KWI,10,37.736030,35.601551
3948,KWI,11,37.360980,36.249001
3949,KWI,12,36.982437,36.889982
3950,KWI,13,36.600482,37.524589
3951,KWI,14,36.215196,38.152915
3952,KWI,15,35.826657,38.775057
3953,KWI,16,35.434944,39.391113
3954,KWI,17,35.040132,40.001181
3955,KWI,18,34.642296,40.605359
3956,KWI,19,34.241509,41.203745
3957,KWI,20,33.837843,41.796441
3958,KWI,21,33.431367,42.383545
3959,KWI,22,33.022152,42.965156
3960,KWI,23,32.610264,43.541376
3961,KWI,24,32.195769,44.112302
3962,KWI,25,31.778732,44.678036
3963,KWI,26,31.359217,45.238675
3964,KWI,27,30.937286,45.794319
3965,KWI,28,30.513000,46.345065
3966,KWI,29,30.086418,46.891013
3967,KWI,30,29.657599,47.432258
3968,KWI,31,29.226601,47.968899
3969,KYA,0,41.275278,28.751944
3970,KYA,1,41.170954,28.880672
3971,KYA,2,41.066488,29.008991
3972,KYA,3,40.961879,29.136902
3973,KYA,4,40.857130,29.264409
3974,KYA,5,40.752241,29.391512
3975,KYA,6,40.647212,29.518215
3976,KYA,7,40.542046,29.644519
3977,KYA,8,40.436743,29.770427
3978,KYA,9,40.331303,29.895941
3979,KYA,10,40.225728,30.021063
3980,KYA,11,40.120019,30.145796
3981,KYA,12,40.014177,30.270141
3982,KYA,13,39.908202,30.394100
3983,KYA,14,39.802095,30.517677
3984,KYA,15,39.695858,30.640872
3985,KYA,16,39.589491,30.763689
3986,KYA,17,39.482995,30.886129
3987,KYA,18,39.376371,31.008194
3988,KYA,19,39.269620,31.129887
3989,KYA,20,39.162742,31.251209
3990,KYA,21,39.055740,31.372163
3991,KYA,22,38.948612,31.492751
3992,KYA,23,38.841361,31.612975
3993,KYA,24,38.733987,31.732836
3994,KYA,25,38.626492,31.852338
3995,KYA,26,38.518874,31.971481
3996,KYA,27,38.411137,32.090269
3997,KYA,28,38.303280,32.208703
3998,KYA,29,38.195304,32.326785
3999,KYA,30,38.087211,32.444517
4000,KYA,31,37.979000,32.561901
4001,KZN,0,41.275278,28.751944
4002,KZN,1,41.785342,29.252634
4003,KZN,2,42.293198,29.761338
4004,KZN,3,42.798769,30.278293
4005,KZN,4,43.301977,30.803746
4006,KZN,5,43.802739,31.337948
4007,KZN,6,44.300971,31.881158
4008,KZN,7,44.796585,32.433642
4009,KZN,8,45.289489,32.995673
4010,KZN,9,45.779588,33.567529
4011,KZN,10,46.266785,34.149498
4012,KZN,11,46.750975,34.741871
4013,KZN,12,47.232054,35.344950
4014,KZN,13,47.709911,35.959040
4015,KZN,14,48.184431,36.584456
4016,KZN,15,48.655495,37.221517
4017,KZN,16,49.122981,37.870549
4018,KZN,17,49.586759,38.531885
4019,KZN,18,50.046698,39.205862
4020,KZN,19,50.502658,39.892825
4021,KZN,20,50.954497,40.593120
4022,KZN,21,51.402067,41.307101
4023,KZN,22,51.845213,42.035124
4024,KZN,23,52.283777,42.777548
4025,KZN,24,52.717592,43.534734
4026,KZN,25,53.146488,44.307045
4027,KZN,26,53.570287,45.094844
4028,KZN,27,53.988807,45.898493
4029,KZN,28,54.401857,46.718350
4030,KZN,29,54.809242,47.554772
4031,KZN,30,55.210760,48.408108
4032,KZN,31,55.606201,49.278702
4033,KZR,0,41.275278,28.751944
4034,KZR,1,41.205790,28.797735
4035,KZR,2,41.136283,28.843429
4036,KZR,3,41.066759,28.889027
4037,KZR,4,40.997216,28.934528
4038,KZR,5,40.927656,28.979933
4039,KZR,6,40.858078,29.025243
4040,KZR,7,40.788482,29.070457
4041,KZR,8,40.718869,29.115577
4042,KZR,9,40.649238,29.160603
4043,KZR,10,40.579589,29.205535
4044,KZR,11,40.509924,29.250373
4045,KZR,12,40.440241,29.295118
4046,KZR,13,40.370540,29.339770
4047,KZR,14,40.300823,29.384331
4048,KZR,15,40.231088,29.428799
4049,KZR,16,40.161337,29.473176
4050,KZR,17,40.091569,29.517462
4051,KZR,18,40.021784,29.561657
4052,KZR,19,39.951982,29.605761
4053,KZR,20,39.882163,29.649776
4054,KZR,21,39.812328,29.693701
4055,KZR,22,39.742476,29.737537
4056,KZR,23,39.672608,29.781285
4057,KZR,24,39.602723,29.824943
4058,KZR,25,39.532823,29.868514
4059,KZR,26,39.462905,29.911997
4060,KZR,27,39.392972,29.955393
4061,KZR,28,39.323023,29.998702
4062,KZR,29,39.253057,30.041924
4063,KZR,30,39.183076,30.085061
4064,KZR,31,39.113079,30.128111
4065,LAX,0,41.275278,28.751944
4066,LAX,1,44.099606,26.728372
4067,LAX,2,46.884650,24.503139
4068,LAX,3,49.621880,22.036282
4069,LAX,4,52.300497,19.278971
4070,LAX,5,54.906715,16.171608
4071,LAX,6,57.422811,12.641963
4072,LAX,7,59.825906,8.603951
4073,LAX,8,62.086498,3.958332
4074,LAX,9,64.166868,-1.402226
4075,LAX,10,66.019814,-7.579774
4076,LAX,11,67.588636,-14.644581
4077,LAX,12,68.809954,-22.593459
4078,LAX,13,69.621057,-31.301814
4079,LAX,14,69.971956,-40.496918
4080,LAX,15,69.838572,-49.787867
4081,LAX,16,69.230246,-58.758248
4082,LAX,17,68.186736,-67.074053
4083,LAX,18,66.766706,-74.544461
4084,LAX,19,65.034455,-81.117010
4085,LAX,20,63.050286,-86.834754
4086,LAX,21,60.865812,-91.789617
4087,LAX,22,58.522921,-96.088882
4088,LAX,23,56.054630,-99.836458
4089,LAX,24,53.486612,-103.124640
4090,LAX,25,50.838750,-106.031834
4091,LAX,26,48.126476,-108.623128
4092,LAX,27,45.361834,-110.951970
4093,LAX,28,42.554299,-113.062099
4094,LAX,29,39.711399,-114.989347
4095,LAX,30,36.839169,-116.763184
4096,LAX,31,33.942501,-118.407997
4097,LED,0,41.275278,28.751944
4098,LED,1,41.873098,28.785439
4099,LED,2,42.470909,28.819565
4100,LED,3,43.068709,28.854351
4101,LED,4,43.666498,28.889821
4102,LED,5,44.264276,28.926005
4103,LED,6,44.862042,28.962933
4104,LED,7,45.459797,29.000635
4105,LED,8,46.057538,29.039145
4106,LED,9,46.655267,29.078499
4107,LED,10,47.252981,29.118731
4108,LED,11,47.850682,29.159883
4109,LED,12,48.448367,29.201994
4110,LED,13,49.046036,29.245108
4111,LED,14,49.643689,29.289272
4112,LED,15,50.241325,29.334533
4113,LED,16,50.838943,29.380943
4114,LED,17,51.436542,29.428558
4115,LED,18,52.034121,29.477435
4116,LED,19,52.631679,29.527636
4117,LED,20,53.229215,29.579227
4118,LED,21,53.826729,29.632279
4119,LED,22,54.424218,29.686866
4120,LED,23,55.021683,29.743068
4121,LED,24,55.619120,29.800971
4122,LED,25,56.216529,29.860666
4123,LED,26,56.813909,29.922252
4124,LED,27,57.411258,29.985832
4125,LED,28,58.008573,30.051521
4126,LED,29,58.605853,30.119440
4127,LED,30,59.203097,30.189719
4128,LED,31,59.800301,30.262501
4129,LEJ,0,41.275278,28.751944
4130,LEJ,1,41.635684,28.308402
4131,LEJ,2,41.994365,27.859883
4132,LEJ,3,42.351282,27.406293
4133,LEJ,4,42.706389,26.947535
4134,LEJ,5,43.059646,26.483512
4135,LEJ,6,43.411005,26.014126
4136,LEJ,7,43.760423,25.539278
4137,LEJ,8,44.107852,25.058866
4138,LEJ,9,44.453244,24.572790
4139,LEJ,10,44.796550,24.080948
4140,LEJ,11,45.137719,23.583237
4141,LEJ,12,45.476701,23.079553
4142,LEJ,13,45.813443,22.569793
4143,LEJ,14,46.147891,22.053853
4144,LEJ,15,46.479989,21.531627
4145,LEJ,16,46.809681,21.003010
4146,LEJ,17,47.136909,20.467897
4147,LEJ,18,47.461615,19.926183
4148,LEJ,19,47.783738,19.377763
4149,LEJ,20,48.103216,18.822531
4150,LEJ,21,48.419986,18.260385
4151,LEJ,22,48.733984,17.691219
4152,LEJ,23,49.045144,17.114932
4153,LEJ,24,49.353398,16.531422
4154,LEJ,25,49.658678,15.940588
4155,LEJ,26,49.960915,15.342332
4156,LEJ,27,50.260036,14.736555
4157,LEJ,28,50.555969,14.123164
4158,LEJ,29,50.848639,13.502066
4159,LEJ,30,51.137971,12.873170
4160,LEJ,31,51.423889,12.236389
4161,LGW,0,41.275278,28.751944
4162,LGW,1,41.695586,27.981501
4163,LGW,2,42.110681,27.200986
4164,LGW,3,42.520417,26.410248
4165,LGW,4,42.924646,25.609141
4166,LGW,5,43.323215,24.797527
4167,LGW,6,43.715971,23.975271
4168,LGW,7,44.102755,23.142249
4169,LGW,8,44.483407,22.298343
4170,LGW,9,44.857764,21.443445
4171,LGW,10,45.225660,20.577455
4172,LGW,11,45.586927,19.700285
4173,LGW,12,45.941394,18.811860
4174,LGW,13,46.288890,17.912115
4175,LGW,14,46.629238,17.001000
4176,LGW,15,46.962263,16.078480
4177,LGW,16,47.287787,15.144534
4178,LGW,17,47.605630,14.199160
4179,LGW,18,47.915611,13.242370
4180,LGW,19,48.217550,12.274198
4181,LGW,20,48.511265,11.294696
4182,LGW,21,48.796574,10.303938
4183,LGW,22,49.073297,9.302017
4184,LGW,23,49.341251,8.289051
4185,LGW,24,49.600257,7.265180
4186,LGW,25,49.850138,6.230568
4187,LGW,26,50.090716,5.185404
4188,LGW,27,50.321819,4.129903
4189,LGW,28,50.543274,3.064305
4190,LGW,29,50.754915,1.988875
4191,LGW,30,50.956577,0.903908
4192,LGW,31,51.148102,-0.190278
4193,LHE,0,41.275278,28.751944
4194,LHE,1,41.263717,30.363884
4195,LHE,2,41.229688,31.974699
4196,LHE,3,41.173240,33.583286
4197,LHE,4,41.094456,35.188557
4198,LHE,5,40.993451,36.789441
4199,LHE,6,40.870373,38.384894
4200,LHE,7,40.725398,39.973901
4201,LHE,8,40.558734,41.555486
4202,LHE,9,40.370614,43.128713
4203,LHE,10,40.161301,44.692690
4204,LHE,11,39.931079,46.246576
4205,LHE,12,39.680259,47.789581
4206,LHE,13,39.409171,49.320971
4207,LHE,14,39.118165,50.840067
4208,LHE,15,38.807610,52.346250
4209,LHE,16,38.477891,53.838958
4210,LHE,17,38.129404,55.317690
4211,LHE,18,37.762562,56.782002
4212,LHE,19,37.377783,58.231511
4213,LHE,20,36.975497,59.665890
4214,LHE,21,36.556142,61.084866
4215,LHE,22,36.120156,62.488224
4216,LHE,23,35.667987,63.875797
4217,LHE,24,35.200081,65.247470
4218,LHE,25,34.716887,66.603176
4219,LHE,26,34.218852,67.942891
4220,LHE,27,33.706424,69.266635
4221,LHE,28,33.180046,70.574465
4222,LHE,29,32.640159,71.866479
4223,LHE,30,32.087200,73.142804
4224,LHE,31,31.521601,74.403603
4225,LHR,0,41.275278,28.751944
4226,LHR,1,41.707434,27.979765
4227,LHR,2,42.134351,27.197199
4228,LHR,3,42.555878,26.404078
4229,LHR,4,42.971862,25.600242
4230,LHR,5,43.382145,24.785533
4231,LHR,6,43.786567,23.959803
4232,LHR,7,44.184963,23.122907
4233,LHR,8,44.577167,22.274712
4234,LHR,9,44.963009,21.415092
4235,LHR,10,45.342315,20.543930
4236,LHR,11,45.714910,19.661122
4237,LHR,12,46.080616,18.766572
4238,LHR,13,46.439250,17.860202
4239,LHR,14,46.790631,16.941944
4240,LHR,15,47.134572,16.011746
4241,LHR,16,47.470885,15.069573
4242,LHR,17,47.799382,14.115407
4243,LHR,18,48.119872,13.149246
4244,LHR,19,48.432163,12.171112
4245,LHR,20,48.736064,11.181044
4246,LHR,21,49.031381,10.179105
4247,LHR,22,49.317921,9.165380
4248,LHR,23,49.595492,8.139977
4249,LHR,24,49.863903,7.103030
4250,LHR,25,50.122964,6.054700
4251,LHR,26,50.372485,4.995173
4252,LHR,27,50.612281,3.924662
4253,LHR,28,50.842168,2.843411
4254,LHR,29,51.061967,1.751688
4255,LHR,30,51.271502,0.649795
4256,LHR,31,51.470600,-0.461941
4257,LIS,0,41.275278,28.751944
4258,LIS,1,41.393881,27.520939
4259,LIS,2,41.499319,26.285684
4260,LIS,3,41.591500,25.046655
4261,LIS,4,41.670342,23.804339
4262,LIS,5,41.735775,22.559235
4263,LIS,6,41.787742,21.311854
4264,LIS,7,41.826196,20.062712
4265,LIS,8,41.851103,18.812334
4266,LIS,9,41.862439,17.561247
4267,LIS,10,41.860196,16.309982
4268,LIS,11,41.844374,15.059071
4269,LIS,12,41.814989,13.809043
4270,LIS,13,41.772066,12.560425
4271,LIS,14,41.715645,11.313740
4272,LIS,15,41.645774,10.069501
4273,LIS,16,41.562518,8.828216
4274,LIS,17,41.465948,7.590380
4275,LIS,18,41.356150,6.356478
4276,LIS,19,41.233219,5.126979
4277,LIS,20,41.097261,3.902339
4278,LIS,21,40.948392,2.682997
4279,LIS,22,40.786737,1.469376
4280,LIS,23,40.612431,0.261879
4281,LIS,24,40.425617,-0.939111
4282,LIS,25,40.226447,-2.133228
4283,LIS,26,40.015079,-3.320131
4284,LIS,27,39.791679,-4.499497
4285,LIS,28,39.556420,-5.671026
4286,LIS,29,39.309481,-6.834440
4287,LIS,30,39.051044,-7.989483
4288,LIS,31,38.781300,-9.135920
4289,LJU,0,41.275278,28.751944
4290,LJU,1,41.461281,28.327847
4291,LJU,2,41.645717,27.901321
4292,LJU,3,41.828568,27.472356
4293,LJU,4,42.009813,27.040944
4294,LJU,5,42.189434,26.607079
4295,LJU,6,42.367411,26.170751
4296,LJU,7,42.543724,25.731957
4297,LJU,8,42.718354,25.290688
4298,LJU,9,42.891280,24.846941
4299,LJU,10,43.062483,24.400711
4300,LJU,11,43.231942,23.951995
4301,LJU,12,43.399639,23.500790
4302,LJU,13,43.565551,23.047093
4303,LJU,14,43.729659,22.590904
4304,LJU,15,43.891944,22.132222
4305,LJU,16,44.052383,21.671048
4306,LJU,17,44.210958,21.207383
4307,LJU,18,44.367647,20.741230
4308,LJU,19,44.522430,20.272591
4309,LJU,20,44.675287,19.801471
4310,LJU,21,44.826197,19.327875
4311,LJU,22,44.975139,18.851809
4312,LJU,23,45.122093,18.373280
4313,LJU,24,45.267039,17.892297
4314,LJU,25,45.409955,17.408868
4315,LJU,26,45.550822,16.923004
4316,LJU,27,45.689619,16.434717
4317,LJU,28,45.826326,15.944019
4318,LJU,29,45.960922,15.450923
4319,LJU,30,46.093387,14.955445
4320,LJU,31,46.223701,14.457600
4321,LOS,0,41.275278,28.751944
4322,LOS,1,40.248270,27.623149
4323,LOS,2,39.210624,26.528271
4324,LOS,3,38.163029,25.465429
4325,LOS,4,37.106128,24.432833
4326,LOS,5,36.040521,23.428775
4327,LOS,6,34.966766,22.451632
4328,LOS,7,33.885389,21.499861
4329,LOS,8,32.796877,20.571995
4330,LOS,9,31.701689,19.666643
4331,LOS,10,30.600256,18.782480
4332,LOS,11,29.492978,17.918249
4333,LOS,12,28.380236,17.072754
4334,LOS,13,27.262384,16.244859
4335,LOS,14,26.139759,15.433481
4336,LOS,15,25.012676,14.637590
4337,LOS,16,23.881434,13.856204
4338,LOS,17,22.746316,13.088386
4339,LOS,18,21.607589,12.333238
4340,LOS,19,20.465508,11.589905
4341,LOS,20,19.320315,10.857566
4342,LOS,21,18.172240,10.135433
4343,LOS,22,17.021503,9.422749
4344,LOS,23,15.868316,8.718785
4345,LOS,24,14.712879,8.022840
4346,LOS,25,13.555388,7.334234
4347,LOS,26,12.396030,6.652309
4348,LOS,27,11.234985,5.976428
4349,LOS,28,10.072428,5.305970
4350,LOS,29,8.908530,4.640331
4351,LOS,30,7.743457,3.978921
4352,LOS,31,6.577370,3.321160
4353,LTN,0,41.275278,28.751944
4354,LTN,1,41.719209,27.988623
4355,LTN,2,42.158018,27.214744
4356,LTN,3,42.591554,26.430123
4357,LTN,4,43.019662,25.634580
4358,LTN,5,43.442183,24.827938
4359,LTN,6,43.858956,24.010029
4360,LTN,7,44.269813,23.180687
4361,LTN,8,44.674586,22.339756
4362,LTN,9,45.073101,21.487087
4363,LTN,10,45.465184,20.622540
4364,LTN,11,45.850653,19.745987
4365,LTN,12,46.229328,18.857307
4366,LTN,13,46.601022,17.956395
4367,LTN,14,46.965547,17.043158
4368,LTN,15,47.322713,16.117517
4369,LTN,16,47.672324,15.179409
4370,LTN,17,48.014188,14.228789
4371,LTN,18,48.348104,13.265628
4372,LTN,19,48.673876,12.289919
4373,LTN,20,48.991301,11.301674
4374,LTN,21,49.300179,10.300927
4375,LTN,22,49.600307,9.287738
4376,LTN,23,49.891484,8.262188
4377,LTN,24,50.173507,7.224385
4378,LTN,25,50.446176,6.174465
4379,LTN,26,50.709290,5.112590
4380,LTN,27,50.962652,4.038953
4381,LTN,28,51.206064,2.953775
4382,LTN,29,51.439335,1.857307
4383,LTN,30,51.662275,0.749833
4384,LTN,31,51.874699,-0.368333
4385,LUX,0,41.275278,28.751944
4386,LUX,1,41.607653,28.127944
4387,LUX,2,41.936620,27.497515
4388,LUX,3,42.262102,26.860583
4389,LUX,4,42.584024,26.217078
4390,LUX,5,42.902308,25.566930
4391,LUX,6,43.216875,24.910075
4392,LUX,7,43.527645,24.246448
4393,LUX,8,43.834537,23.575992
4394,LUX,9,44.137470,22.898648
4395,LUX,10,44.436360,22.214366
4396,LUX,11,44.731122,21.523097
4397,LUX,12,45.021672,20.824796
4398,LUX,13,45.307924,20.119425
4399,LUX,14,45.589790,19.406948
4400,LUX,15,45.867182,18.687337
4401,LUX,16,46.140013,17.960568
4402,LUX,17,46.408192,17.226623
4403,LUX,18,46.671630,16.485489
4404,LUX,19,46.930237,15.737162
4405,LUX,20,47.183920,14.981643
4406,LUX,21,47.432589,14.218942
4407,LUX,22,47.676153,13.449072
4408,LUX,23,47.914519,12.672060
4409,LUX,24,48.147595,11.887936
4410,LUX,25,48.375289,11.096740
4411,LUX,26,48.597511,10.298522
4412,LUX,27,48.814167,9.493339
4413,LUX,28,49.025168,8.681259
4414,LUX,29,49.230422,7.862357
4415,LUX,30,49.429840,7.036720
4416,LUX,31,49.623333,6.204444
4417,LWO,0,41.275278,28.751944
4418,LWO,1,41.553518,28.618128
4419,LWO,2,41.831602,28.483155
4420,LWO,3,42.109526,28.347005
4421,LWO,4,42.387288,28.209655
4422,LWO,5,42.664884,28.071086
4423,LWO,6,42.942312,27.931273
4424,LWO,7,43.219568,27.790196
4425,LWO,8,43.496650,27.647829
4426,LWO,9,43.773553,27.504151
4427,LWO,10,44.050274,27.359136
4428,LWO,11,44.326811,27.212761
4429,LWO,12,44.603158,27.064999
4430,LWO,13,44.879314,26.915825
4431,LWO,14,45.155273,26.765213
4432,LWO,15,45.431032,26.613135
4433,LWO,16,45.706588,26.459565
4434,LWO,17,45.981935,26.304474
4435,LWO,18,46.257071,26.147833
4436,LWO,19,46.531991,25.989612
4437,LWO,20,46.806690,25.829783
4438,LWO,21,47.081165,25.668313
4439,LWO,22,47.355410,25.505172
4440,LWO,23,47.629422,25.340327
4441,LWO,24,47.903195,25.173745
4442,LWO,25,48.176724,25.005392
4443,LWO,26,48.450005,24.835234
4444,LWO,27,48.723033,24.663236
4445,LWO,28,48.995801,24.489361
4446,LWO,29,49.268306,24.313572
4447,LWO,30,49.540540,24.135831
4448,LWO,31,49.812500,23.956100
4449,LYS,0,41.275278,28.751944
4450,LYS,1,41.491614,28.049299
4451,LYS,2,41.703645,27.341993
4452,LYS,3,41.911311,26.630055
4453,LYS,4,42.114551,25.913519
4454,LYS,5,42.313305,25.192424
4455,LYS,6,42.507513,24.466812
4456,LYS,7,42.697115,23.736732
4457,LYS,8,42.882052,23.002235
4458,LYS,9,43.062266,22.263379
4459,LYS,10,43.237700,21.520223
4460,LYS,11,43.408296,20.772836
4461,LYS,12,43.573997,20.021288
4462,LYS,13,43.734748,19.265654
4463,LYS,14,43.890495,18.506017
4464,LYS,15,44.041185,17.742461
4465,LYS,16,44.186763,16.975077
4466,LYS,17,44.327180,16.203962
4467,LYS,18,44.462384,15.429214
4468,LYS,19,44.592327,14.650940
4469,LYS,20,44.716962,13.869249
4470,LYS,21,44.836241,13.084257
4471,LYS,22,44.950122,12.296082
4472,LYS,23,45.058560,11.504848
4473,LYS,24,45.161514,10.710683
4474,LYS,25,45.258945,9.913721
4475,LYS,26,45.350815,9.114097
4476,LYS,27,45.437088,8.311952
4477,LYS,28,45.517729,7.507431
4478,LYS,29,45.592707,6.700683
4479,LYS,30,45.661992,5.891858
4480,LYS,31,45.725556,5.081111
4481,MAD,0,41.275278,28.751944
4482,MAD,1,41.392011,27.719355
4483,MAD,2,41.499480,26.683200
4484,MAD,3,41.597620,25.643749
4485,MAD,4,41.686370,24.601285
4486,MAD,5,41.765675,23.556094
4487,MAD,6,41.835485,22.508471
4488,MAD,7,41.895756,21.458716
4489,MAD,8,41.946450,20.407137
4490,MAD,9,41.987534,19.354042
4491,MAD,10,42.018982,18.299748
4492,MAD,11,42.040774,17.244570
4493,MAD,12,42.052896,16.188829
4494,MAD,13,42.055340,15.132845
4495,MAD,14,42.048105,14.076942
4496,MAD,15,42.031194,13.021439
4497,MAD,16,42.004620,11.966659
4498,MAD,17,41.968399,10.912919
4499,MAD,18,41.922555,9.860535
4500,MAD,19,41.867116,8.809820
4501,MAD,20,41.802118,7.761083
4502,MAD,21,41.727602,6.714627
4503,MAD,22,41.643615,5.670749
4504,MAD,23,41.550209,4.629741
4505,MAD,24,41.447443,3.591887
4506,MAD,25,41.335380,2.557463
4507,MAD,26,41.214088,1.526739
4508,MAD,27,41.083640,0.499973
4509,MAD,28,40.944115,-0.522583
4510,MAD,29,40.795596,-1.540690
4511,MAD,30,40.638169,-2.554116
4512,MAD,31,40.471926,-3.562640
4513,MAN,0,41.275278,28.751944
4514,MAN,1,41.778120,27.966718
4515,MAN,2,42.275531,27.169148
4516,MAN,3,42.767328,26.358960
4517,MAN,4,43.253324,25.535882
4518,MAN,5,43.733324,24.699644
4519,MAN,6,44.207129,23.849981
4520,MAN,7,44.674536,22.986632
4521,MAN,8,45.135332,22.109344
4522,MAN,9,45.589304,21.217868
4523,MAN,10,46.036229,20.311969
4524,MAN,11,46.475882,19.391419
4525,MAN,12,46.908029,18.456002
4526,MAN,13,47.332435,17.505517
4527,MAN,14,47.748856,16.539778
4528,MAN,15,48.157046,15.558616
4529,MAN,16,48.556752,14.561883
4530,MAN,17,48.947720,13.549448
4531,MAN,18,49.329689,12.521210
4532,MAN,19,49.702395,11.477088
4533,MAN,20,50.065571,10.417031
4534,MAN,21,50.418948,9.341020
4535,MAN,22,50.762253,8.249067
4536,MAN,23,51.095214,7.141218
4537,MAN,24,51.417555,6.017557
4538,MAN,25,51.729003,4.878209
4539,MAN,26,52.029282,3.723337
4540,MAN,27,52.318120,2.553151
4541,MAN,28,52.595246,1.367904
4542,MAN,29,52.860393,0.167897
4543,MAN,30,53.113296,-1.046520
4544,MAN,31,53.353699,-2.274950
4545,MCT,0,41.275278,28.751944
4546,MCT,1,40.833189,29.908616
4547,MCT,2,40.379702,31.049769
4548,MCT,3,39.915150,32.175478
4549,MCT,4,39.439861,33.285845
4550,MCT,5,38.954159,34.380999
4551,MCT,6,38.458363,35.461090
4552,MCT,7,37.952787,36.526292
4553,MCT,8,37.437739,37.576797
4554,MCT,9,36.913523,38.612815
4555,MCT,10,36.380434,39.634570
4556,MCT,11,35.838764,40.642303
4557,MCT,12,35.288795,41.636263
4558,MCT,13,34.730806,42.616712
4559,MCT,14,34.165067,43.583922
4560,MCT,15,33.591842,44.538169
4561,MCT,16,33.011391,45.479740
4562,MCT,17,32.423963,46.408923
4563,MCT,18,31.829804,47.326015
4564,MCT,19,31.229151,48.231310
4565,MCT,20,30.622238,49.125111
4566,MCT,21,30.009289,50.007719
4567,MCT,22,29.390525,50.879435
4568,MCT,23,28.766158,51.740563
4569,MCT,24,28.136397,52.591406
4570,MCT,25,27.501443,53.432263
4571,MCT,26,26.861493,54.263436
4572,MCT,27,26.216738,55.085223
4573,MCT,28,25.567363,55.897920
4574,MCT,29,24.913549,56.701822
4575,MCT,30,24.255471,57.497219
4576,MCT,31,23.593300,58.284401
4577,MED,0,41.275278,28.751944
4578,MED,1,40.753345,29.181473
4579,MED,2,40.229844,29.604301
4580,MED,3,39.704828,30.020633
4581,MED,4,39.178347,30.430669
4582,MED,5,38.650451,30.834600
4583,MED,6,38.121187,31.232616
4584,MED,7,37.590599,31.624895
4585,MED,8,37.058731,32.011614
4586,MED,9,36.525625,32.392942
4587,MED,10,35.991322,32.769045
4588,MED,11,35.455861,33.140082
4589,MED,12,34.919280,33.506207
4590,MED,13,34.381615,33.867572
4591,MED,14,33.842901,34.224320
4592,MED,15,33.303173,34.576595
4593,MED,16,32.762463,34.924532
4594,MED,17,32.220803,35.268264
4595,MED,18,31.678224,35.607922
4596,MED,19,31.134756,35.943629
4597,MED,20,30.590427,36.275508
4598,MED,21,30.045265,36.603678
4599,MED,22,29.499297,36.928252
4600,MED,23,28.952550,37.249343
4601,MED,24,28.405049,37.567059
4602,MED,25,27.856818,37.881505
4603,MED,26,27.307882,38.192786
4604,MED,27,26.758263,38.501000
4605,MED,28,26.207983,38.806245
4606,MED,29,25.657066,39.108615
4607,MED,30,25.105531,39.408204
4608,MED,31,24.553400,39.705101
4609,MHD,0,41.275278,28.751944
4610,MHD,1,41.246915,29.801503
4611,MHD,2,41.209030,30.849998
4612,MHD,3,41.161648,31.897128
4613,MHD,4,41.104798,32.942594
4614,MHD,5,41.038514,33.986101
4615,MHD,6,40.962839,35.027360
4616,MHD,7,40.877818,36.066088
4617,MHD,8,40.783504,37.102005
4618,MHD,9,40.679953,38.134840
4619,MHD,10,40.567229,39.164331
4620,MHD,11,40.445397,40.190220
4621,MHD,12,40.314531,41.212259
4622,MHD,13,40.174706,42.230209
4623,MHD,14,40.026004,43.243841
4624,MHD,15,39.868510,44.252934
4625,MHD,16,39.702313,45.257277
4626,MHD,17,39.527505,46.256670
4627,MHD,18,39.344184,47.250921
4628,MHD,19,39.152449,48.239852
4629,MHD,20,38.952402,49.223292
4630,MHD,21,38.744150,50.201083
4631,MHD,22,38.527801,51.173078
4632,MHD,23,38.303466,52.139138
4633,MHD,24,38.071257,53.099138
4634,MHD,25,37.831289,54.052961
4635,MHD,26,37.583681,55.000501
4636,MHD,27,37.328548,55.941665
4637,MHD,28,37.066013,56.876366
4638,MHD,29,36.796195,57.804531
4639,MHD,30,36.519216,58.726093
4640,MHD,31,36.235199,59.640999
4641,MLA,0,41.275278,28.751944
4642,MLA,1,41.129095,28.257749
4643,MLA,2,40.980809,27.765768
4644,MLA,3,40.830441,27.276009
4645,MLA,4,40.678012,26.788481
4646,MLA,5,40.523541,26.303193
4647,MLA,6,40.367049,25.820151
4648,MLA,7,40.208558,25.339361
4649,MLA,8,40.048086,24.860828
4650,MLA,9,39.885656,24.384557
4651,MLA,10,39.721286,23.910550
4652,MLA,11,39.554998,23.438811
4653,MLA,12,39.386812,22.969341
4654,MLA,13,39.216749,22.502141
4655,MLA,14,39.044829,22.037210
4656,MLA,15,38.871072,21.574550
4657,MLA,16,38.695498,21.114157
4658,MLA,17,38.518128,20.656031
4659,MLA,18,38.338983,20.200168
4660,MLA,19,38.158081,19.746565
4661,MLA,20,37.975443,19.295218
4662,MLA,21,37.791090,18.846122
4663,MLA,22,37.605040,18.399271
4664,MLA,23,37.417314,17.954660
4665,MLA,24,37.227931,17.512283
4666,MLA,25,37.036911,17.072131
4667,MLA,26,36.844274,16.634198
4668,MLA,27,36.650038,16.198474
4669,MLA,28,36.454224,15.764952
4670,MLA,29,36.256850,15.333622
4671,MLA,30,36.057935,14.904475
4672,MLA,31,35.857498,14.477500
4673,MLE,0,41.275278,28.751944
4674,MLE,1,40.367942,30.743404
4675,MLE,2,39.427367,32.681007
4676,MLE,3,38.455513,34.566160
4677,MLE,4,37.454264,36.400455
4678,MLE,5,36.425422,38.185632
4679,MLE,6,35.370707,39.923539
4680,MLE,7,34.291757,41.616103
4681,MLE,8,33.190128,43.265303
4682,MLE,9,32.067297,44.873145
4683,MLE,10,30.924661,46.441646
4684,MLE,11,29.763547,47.972813
4685,MLE,12,28.585205,49.468641
4686,MLE,13,27.390821,50.931091
4687,MLE,14,26.181518,52.362092
4688,MLE,15,24.958355,53.763530
4689,MLE,16,23.722338,55.137248
4690,MLE,17,22.474420,56.485040
4691,MLE,18,21.215503,57.808655
4692,MLE,19,19.946446,59.109791
4693,MLE,20,18.668065,60.390099
4694,MLE,21,17.381140,61.651183
4695,MLE,22,16.086412,62.894604
4696,MLE,23,14.784594,64.121879
4697,MLE,24,13.476367,65.334485
4698,MLE,25,12.162387,66.533863
4699,MLE,26,10.843288,67.721419
4700,MLE,27,9.519681,68.898529
4701,MLE,28,8.192160,70.066539
4702,MLE,29,6.861303,71.226772
4703,MLE,30,5.527675,72.380531
4704,MLE,31,4.191830,73.529099
4705,MLX,0,41.275278,28.751944
4706,MLX,1,41.195699,29.065111
4707,MLX,2,41.115274,29.377513
4708,MLX,3,41.034007,29.689146
4709,MLX,4,40.951903,30.000008
4710,MLX,5,40.868966,30.310093
4711,MLX,6,40.785201,30.619398
4712,MLX,7,40.700611,30.927920
4713,MLX,8,40.615203,31.235656
4714,MLX,9,40.528980,31.542603
4715,MLX,10,40.441947,31.848757
4716,MLX,11,40.354108,32.154115
4717,MLX,12,40.265469,32.458676
4718,MLX,13,40.176033,32.762435
4719,MLX,14,40.085805,33.065392
4720,MLX,15,39.994791,33.367543
4721,MLX,16,39.902994,33.668886
4722,MLX,17,39.810418,33.969420
4723,MLX,18,39.717070,34.269141
4724,MLX,19,39.622953,34.568050
4725,MLX,20,39.528073,34.866143
4726,MLX,21,39.432433,35.163419
4727,MLX,22,39.336038,35.459877
4728,MLX,23,39.238894,35.755515
4729,MLX,24,39.141004,36.050333
4730,MLX,25,39.042373,36.344329
4731,MLX,26,38.943007,36.637502
4732,MLX,27,38.842909,36.929851
4733,MLX,28,38.742085,37.221376
4734,MLX,29,38.640539,37.512076
4735,MLX,30,38.538275,37.801951
4736,MLX,31,38.435299,38.091000
4737,MQM,0,41.275278,28.751944
4738,MQM,1,41.164200,29.156454
4739,MQM,2,41.051711,29.559587
4740,MQM,3,40.937822,29.961334
4741,MQM,4,40.822544,30.361691
4742,MQM,5,40.705886,30.760649
4743,MQM,6,40.587860,31.158205
4744,MQM,7,40.468476,31.554352
4745,MQM,8,40.347745,31.949084
4746,MQM,9,40.225676,32.342399
4747,MQM,10,40.102281,32.734290
4748,MQM,11,39.977570,33.124756
4749,MQM,12,39.851553,33.513791
4750,MQM,13,39.724242,33.901393
4751,MQM,14,39.595647,34.287559
4752,MQM,15,39.465779,34.672287
4753,MQM,16,39.334647,35.055575
4754,MQM,17,39.202263,35.437421
4755,MQM,18,39.068637,35.817824
4756,MQM,19,38.933781,36.196782
4757,MQM,20,38.797703,36.574296
4758,MQM,21,38.660416,36.950364
4759,MQM,22,38.521929,37.324987
4760,MQM,23,38.382253,37.698165
4761,MQM,24,38.241399,38.069899
4762,MQM,25,38.099377,38.440189
4763,MQM,26,37.956197,38.809036
4764,MQM,27,37.811870,39.176443
4765,MQM,28,37.666407,39.542410
4766,MQM,29,37.519818,39.906940
4767,MQM,30,37.372112,40.270036
4768,MQM,31,37.223301,40.631699
4769,MRS,0,41.275278,28.751944
4770,MRS,1,41.418652,28.026273
4771,MRS,2,41.557446,27.297443
4772,MRS,3,41.691619,26.565528
4773,MRS,4,41.821128,25.830607
4774,MRS,5,41.945935,25.092762
4775,MRS,6,42.065999,24.352077
4776,MRS,7,42.181283,23.608641
4777,MRS,8,42.291750,22.862546
4778,MRS,9,42.397364,22.113887
4779,MRS,10,42.498091,21.362763
4780,MRS,11,42.593898,20.609274
4781,MRS,12,42.684752,19.853525
4782,MRS,13,42.770625,19.095623
4783,MRS,14,42.851486,18.335679
4784,MRS,15,42.927308,17.573804
4785,MRS,16,42.998067,16.810114
4786,MRS,17,43.063737,16.044726
4787,MRS,18,43.124295,15.277761
4788,MRS,19,43.179722,14.509341
4789,MRS,20,43.229997,13.739589
4790,MRS,21,43.275102,12.968631
4791,MRS,22,43.315023,12.196596
4792,MRS,23,43.349746,11.423612
4793,MRS,24,43.379256,10.649809
4794,MRS,25,43.403545,9.875320
4795,MRS,26,43.422604,9.100276
4796,MRS,27,43.436426,8.324811
4797,MRS,28,43.445006,7.549059
4798,MRS,29,43.448341,6.773154
4799,MRS,30,43.446429,5.997231
4800,MRS,31,43.439272,5.221424
4801,MSQ,0,41.275278,28.751944
4802,MSQ,1,41.682023,28.733433
4803,MSQ,2,42.088766,28.714686
4804,MSQ,3,42.495505,28.695698
4805,MSQ,4,42.902241,28.676461
4806,MSQ,5,43.308974,28.656968
4807,MSQ,6,43.715703,28.637213
4808,MSQ,7,44.122429,28.617188
4809,MSQ,8,44.529151,28.596885
4810,MSQ,9,44.935870,28.576296
4811,MSQ,10,45.342585,28.555414
4812,MSQ,11,45.749296,28.534230
4813,MSQ,12,46.156004,28.512734
4814,MSQ,13,46.562707,28.490919
4815,MSQ,14,46.969406,28.468774
4816,MSQ,15,47.376100,28.446289
4817,MSQ,16,47.782790,28.423455
4818,MSQ,17,48.189476,28.400261
4819,MSQ,18,48.596156,28.376696
4820,MSQ,19,49.002832,28.352749
4821,MSQ,20,49.409503,28.328407
4822,MSQ,21,49.816169,28.303658
4823,MSQ,22,50.222829,28.278490
4824,MSQ,23,50.629484,28.252889
4825,MSQ,24,51.036133,28.226841
4826,MSQ,25,51.442776,28.200332
4827,MSQ,26,51.849413,28.173347
4828,MSQ,27,52.256044,28.145870
4829,MSQ,28,52.662668,28.117884
4830,MSQ,29,53.069286,28.089373
4831,MSQ,30,53.475896,28.060318
4832,MSQ,31,53.882500,28.030701
4833,MSR,0,41.275278,28.751944
4834,MSR,1,41.216701,29.182324
4835,MSR,2,41.156524,29.611922
4836,MSR,3,41.094754,30.040723
4837,MSR,4,41.031397,30.468707
4838,MSR,5,40.966461,30.895859
4839,MSR,6,40.899951,31.322160
4840,MSR,7,40.831874,31.747595
4841,MSR,8,40.762238,32.172147
4842,MSR,9,40.691050,32.595800
4843,MSR,10,40.618316,33.018540
4844,MSR,11,40.544044,33.440350
4845,MSR,12,40.468242,33.861216
4846,MSR,13,40.390917,34.281124
4847,MSR,14,40.312076,34.700059
4848,MSR,15,40.231728,35.118008
4849,MSR,16,40.149880,35.534957
4850,MSR,17,40.066540,35.950893
4851,MSR,18,39.981717,36.365804
4852,MSR,19,39.895418,36.779677
4853,MSR,20,39.807651,37.192500
4854,MSR,21,39.718426,37.604262
4855,MSR,22,39.627750,38.014951
4856,MSR,23,39.535631,38.424556
4857,MSR,24,39.442079,38.833067
4858,MSR,25,39.347101,39.240474
4859,MSR,26,39.250708,39.646767
4860,MSR,27,39.152906,40.051937
4861,MSR,28,39.053705,40.455973
4862,MSR,29,38.953115,40.858869
4863,MSR,30,38.851143,41.260614
4864,MSR,31,38.747799,41.661201
4865,MUC,0,41.275278,28.751944
4866,MUC,1,41.539894,28.268380
4867,MUC,2,41.802468,27.780858
4868,MUC,3,42.062964,27.289339
4869,MUC,4,42.321345,26.793788
4870,MUC,5,42.577575,26.294167
4871,MUC,6,42.831617,25.790440
4872,MUC,7,43.083432,25.282574
4873,MUC,8,43.332983,24.770535
4874,MUC,9,43.580232,24.254290
4875,MUC,10,43.825138,23.733807
4876,MUC,11,44.067663,23.209058
4877,MUC,12,44.307766,22.680012
4878,MUC,13,44.545408,22.146642
4879,MUC,14,44.780547,21.608923
4880,MUC,15,45.013143,21.066831
4881,MUC,16,45.243153,20.520341
4882,MUC,17,45.470536,19.969434
4883,MUC,18,45.695249,19.414091
4884,MUC,19,45.917250,18.854293
4885,MUC,20,46.136496,18.290027
4886,MUC,21,46.352944,17.721278
4887,MUC,22,46.566549,17.148036
4888,MUC,23,46.777269,16.570292
4889,MUC,24,46.985059,15.988041
4890,MUC,25,47.189874,15.401278
4891,MUC,26,47.391671,14.810003
4892,MUC,27,47.590404,14.214217
4893,MUC,28,47.786028,13.613925
4894,MUC,29,47.978500,13.009134
4895,MUC,30,48.167772,12.399854
4896,MUC,31,48.353802,11.786100
4897,MXP,0,41.275278,28.751944
4898,MXP,1,41.467882,28.154427
4899,MXP,2,41.657376,27.553379
4900,MXP,3,41.843721,26.948812
4901,MXP,4,42.026877,26.340745
4902,MXP,5,42.206805,25.729194
4903,MXP,6,42.383466,25.114182
4904,MXP,7,42.556822,24.495732
4905,MXP,8,42.726834,23.873869
4906,MXP,9,42.893464,23.248622
4907,MXP,10,43.056673,22.620023
4908,MXP,11,43.216423,21.988104
4909,MXP,12,43.372677,21.352902
4910,MXP,13,43.525398,20.714456
4911,MXP,14,43.674549,20.072807
4912,MXP,15,43.820093,19.427999
4913,MXP,16,43.961994,18.780079
4914,MXP,17,44.100216,18.129097
4915,MXP,18,44.234725,17.475106
4916,MXP,19,44.365486,16.818159
4917,MXP,20,44.492466,16.158316
4918,MXP,21,44.615629,15.495637
4919,MXP,22,44.734945,14.830185
4920,MXP,23,44.850381,14.162026
4921,MXP,24,44.961905,13.491229
4922,MXP,25,45.069487,12.817866
4923,MXP,26,45.173098,12.142009
4924,MXP,27,45.272709,11.463737
4925,MXP,28,45.368291,10.783128
4926,MXP,29,45.459818,10.100264
4927,MXP,30,45.547262,9.415229
4928,MXP,31,45.630600,8.728110
4929,MZH,0,41.275278,28.751944
4930,MZH,1,41.267108,28.971572
4931,MZH,2,41.258522,29.191144
4932,MZH,3,41.249518,29.410656
4933,MZH,4,41.240097,29.630107
4934,MZH,5,41.230260,29.849493
4935,MZH,6,41.220006,30.068812
4936,MZH,7,41.209337,30.288060
4937,MZH,8,41.198252,30.507236
4938,MZH,9,41.186751,30.726336
4939,MZH,10,41.174835,30.945358
4940,MZH,11,41.162505,31.164298
4941,MZH,12,41.149760,31.383155
4942,MZH,13,41.136602,31.601925
4943,MZH,14,41.123029,31.820607
4944,MZH,15,41.109043,32.039196
4945,MZH,16,41.094645,32.257691
4946,MZH,17,41.079833,32.476089
4947,MZH,18,41.064610,32.694387
4948,MZH,19,41.048974,32.912583
4949,MZH,20,41.032928,33.130673
4950,MZH,21,41.016470,33.348656
4951,MZH,22,40.999602,33.566529
4952,MZH,23,40.982324,33.784289
4953,MZH,24,40.964637,34.001933
4954,MZH,25,40.946540,34.219460
4955,MZH,26,40.928035,34.436866
4956,MZH,27,40.909122,34.654149
4957,MZH,28,40.889801,34.871306
4958,MZH,29,40.870074,35.088335
4959,MZH,30,40.849939,35.305234
4960,MZH,31,40.829399,35.521999
4961,MZR,0,41.275278,28.751944
4962,MZR,1,41.336029,30.037228
4963,MZR,2,41.382456,31.324629
4964,MZR,3,41.414518,32.613585
4965,MZR,4,41.432182,33.903528
4966,MZR,5,41.435432,35.193886
4967,MZR,6,41.424265,36.484087
4968,MZR,7,41.398692,37.773558
4969,MZR,8,41.358736,39.061730
4970,MZR,9,41.304437,40.348037
4971,MZR,10,41.235844,41.631924
4972,MZR,11,41.153023,42.912839
4973,MZR,12,41.056050,44.190247
4974,MZR,13,40.945016,45.463622
4975,MZR,14,40.820023,46.732455
4976,MZR,15,40.681183,47.996251
4977,MZR,16,40.528623,49.254535
4978,MZR,17,40.362478,50.506850
4979,MZR,18,40.182894,51.752759
4980,MZR,19,39.990027,52.991847
4981,MZR,20,39.784043,54.223721
4982,MZR,21,39.565114,55.448012
4983,MZR,22,39.333422,56.664374
4984,MZR,23,39.089155,57.872484
4985,MZR,24,38.832510,59.072045
4986,MZR,25,38.563686,60.262783
4987,MZR,26,38.282892,61.444450
4988,MZR,27,37.990339,62.616822
4989,MZR,28,37.686242,63.779698
4990,MZR,29,37.370822,64.932901
4991,MZR,30,37.044300,66.076279
4992,MZR,31,36.706902,67.209702
4993,NAJ,0,41.275278,28.751944
4994,NAJ,1,41.246322,29.304303
4995,NAJ,2,41.214729,29.856150
4996,NAJ,3,41.180504,30.407442
4997,NAJ,4,41.143654,30.958136
4998,NAJ,5,41.104183,31.508190
4999,NAJ,6,41.062100,32.057561
5000,NAJ,7,41.017412,32.606207
5001,NAJ,8,40.970126,33.154088
5002,NAJ,9,40.920249,33.701163
5003,NAJ,10,40.867792,34.247392
5004,NAJ,11,40.812762,34.792734
5005,NAJ,12,40.755168,35.337152
5006,NAJ,13,40.695021,35.880607
5007,NAJ,14,40.632330,36.423060
5008,NAJ,15,40.567106,36.964475
5009,NAJ,16,40.499360,37.504816
5010,NAJ,17,40.429102,38.044046
5011,NAJ,18,40.356344,38.582131
5012,NAJ,19,40.281098,39.119036
5013,NAJ,20,40.203376,39.654727
5014,NAJ,21,40.123191,40.189173
5015,NAJ,22,40.040555,40.722339
5016,NAJ,23,39.955481,41.254197
5017,NAJ,24,39.867983,41.784713
5018,NAJ,25,39.778074,42.313860
5019,NAJ,26,39.685769,42.841607
5020,NAJ,27,39.591081,43.367927
5021,NAJ,28,39.494026,43.892793
5022,NAJ,29,39.394617,44.416177
5023,NAJ,30,39.292871,44.938055
5024,NAJ,31,39.188801,45.458401
5025,NAP,0,41.275278,28.751944
5026,NAP,1,41.291081,28.284725
5027,NAP,2,41.304995,27.817294
5028,NAP,3,41.317017,27.349677
5029,NAP,4,41.327146,26.881900
5030,NAP,5,41.335380,26.413992
5031,NAP,6,41.341719,25.945979
5032,NAP,7,41.346162,25.477889
5033,NAP,8,41.348708,25.009748
5034,NAP,9,41.349357,24.541585
5035,NAP,10,41.348108,24.073426
5036,NAP,11,41.344963,23.605298
5037,NAP,12,41.339921,23.137229
5038,NAP,13,41.332983,22.669246
5039,NAP,14,41.324150,22.201377
5040,NAP,15,41.313423,21.733648
5041,NAP,16,41.300803,21.266087
5042,NAP,17,41.286292,20.798719
5043,NAP,18,41.269892,20.331574
5044,NAP,19,41.251605,19.864676
5045,NAP,20,41.231432,19.398053
5046,NAP,21,41.209377,18.931732
5047,NAP,22,41.185442,18.465738
5048,NAP,23,41.159631,18.000098
5049,NAP,24,41.131946,17.534838
5050,NAP,25,41.102390,17.069984
5051,NAP,26,41.070968,16.605561
5052,NAP,27,41.037684,16.141595
5053,NAP,28,41.002540,15.678111
5054,NAP,29,40.965543,15.215134
5055,NAP,30,40.926695,14.752689
5056,NAP,31,40.886002,14.290800
5057,NAV,0,41.275278,28.751944
5058,NAV,1,41.199125,28.945152
5059,NAV,2,41.122651,29.137910
5060,NAV,3,41.045855,29.330218
5061,NAV,4,40.968741,29.522077
5062,NAV,5,40.891309,29.713487
5063,NAV,6,40.813562,29.904449
5064,NAV,7,40.735501,30.094963
5065,NAV,8,40.657127,30.285029
5066,NAV,9,40.578442,30.474649
5067,NAV,10,40.499448,30.663822
5068,NAV,11,40.420146,30.852549
5069,NAV,12,40.340538,31.040831
5070,NAV,13,40.260626,31.228668
5071,NAV,14,40.180410,31.416061
5072,NAV,15,40.099893,31.603011
5073,NAV,16,40.019077,31.789518
5074,NAV,17,39.937962,31.975583
5075,NAV,18,39.856550,32.161207
5076,NAV,19,39.774843,32.346390
5077,NAV,20,39.692843,32.531133
5078,NAV,21,39.610550,32.715437
5079,NAV,22,39.527967,32.899302
5080,NAV,23,39.445095,33.082730
5081,NAV,24,39.361936,33.265721
5082,NAV,25,39.278490,33.448276
5083,NAV,26,39.194761,33.630396
5084,NAV,27,39.110748,33.812082
5085,NAV,28,39.026454,33.993334
5086,NAV,29,38.941881,34.174154
5087,NAV,30,38.857029,34.354542
5088,NAV,31,38.771900,34.534500
5089,NBC,0,41.275278,28.751944
5090,NBC,1,41.798028,29.319876
5091,NBC,2,42.317935,29.897125
5092,NBC,3,42.834898,30.483963
5093,NBC,4,43.348814,31.080674
5094,NBC,5,43.859576,31.687544
5095,NBC,6,44.367070,32.304867
5096,NBC,7,44.871182,32.932945
5097,NBC,8,45.371791,33.572084
5098,NBC,9,45.868772,34.222596
5099,NBC,10,46.361995,34.884801
5100,NBC,11,46.851326,35.559024
5101,NBC,12,47.336626,36.245593
5102,NBC,13,47.817750,36.944845
5103,NBC,14,48.294549,37.657117
5104,NBC,15,48.766867,38.382755
5105,NBC,16,49.234543,39.122103
5106,NBC,17,49.697411,39.875512
5107,NBC,18,50.155299,40.643332
5108,NBC,19,50.608027,41.425917
5109,NBC,20,51.055411,42.223617
5110,NBC,21,51.497261,43.036785
5111,NBC,22,51.933378,43.865768
5112,NBC,23,52.363559,44.710911
5113,NBC,24,52.787594,45.572554
5114,NBC,25,53.205265,46.451027
5115,NBC,26,53.616350,47.346655
5116,NBC,27,54.020619,48.259749
5117,NBC,28,54.417834,49.190607
5118,NBC,29,54.807753,50.139512
5119,NBC,30,55.190127,51.106728
5120,NBC,31,55.564701,52.092499
5121,NBO,0,41.275278,28.751944
5122,NBO,1,39.910281,29.129298
5123,NBO,2,38.544108,29.491899
5124,NBO,3,37.176859,29.840972
5125,NBO,4,35.808622,30.177628
5126,NBO,5,34.439479,30.502875
5127,NBO,6,33.069502,30.817629
5128,NBO,7,31.698758,31.122728
5129,NBO,8,30.327310,31.418940
5130,NBO,9,28.955212,31.706966
5131,NBO,10,27.582518,31.987457
5132,NBO,11,26.209273,32.261011
5133,NBO,12,24.835523,32.528183
5134,NBO,13,23.461309,32.789489
5135,NBO,14,22.086669,33.045408
5136,NBO,15,20.711637,33.296391
5137,NBO,16,19.336249,33.542859
5138,NBO,17,17.960535,33.785208
5139,NBO,18,16.584525,34.023812
5140,NBO,19,15.208247,34.259027
5141,NBO,20,13.831728,34.491188
5142,NBO,21,12.454993,34.720619
5143,NBO,22,11.078066,34.947626
5144,NBO,23,9.700972,35.172507
5145,NBO,24,8.323732,35.395547
5146,NBO,25,6.946368,35.617023
5147,NBO,26,5.568903,35.837205
5148,NBO,27,4.191356,36.056357
5149,NBO,28,2.813748,36.274738
5150,NBO,29,1.436099,36.492604
5151,NBO,30,0.058430,36.710207
5152,NBO,31,-1.319240,36.927799
5153,NCE,0,41.275278,28.751944
5154,NCE,1,41.413632,28.088826
5155,NCE,2,41.548163,27.422917
5156,NCE,3,41.678836,26.754270
5157,NCE,4,41.805618,26.082943
5158,NCE,5,41.928476,25.408995
5159,NCE,6,42.047378,24.732489
5160,NCE,7,42.162293,24.053488
5161,NCE,8,42.273190,23.372059
5162,NCE,9,42.380039,22.688272
5163,NCE,10,42.482811,22.002199
5164,NCE,11,42.581478,21.313913
5165,NCE,12,42.676013,20.623491
5166,NCE,13,42.766389,19.931012
5167,NCE,14,42.852582,19.236556
5168,NCE,15,42.934566,18.540206
5169,NCE,16,43.012318,17.842048
5170,NCE,17,43.085816,17.142169
5171,NCE,18,43.155040,16.440657
5172,NCE,19,43.219968,15.737603
5173,NCE,20,43.280582,15.033101
5174,NCE,21,43.336864,14.327243
5175,NCE,22,43.388798,13.620127
5176,NCE,23,43.436368,12.911849
5177,NCE,24,43.479560,12.202507
5178,NCE,25,43.518361,11.492203
5179,NCE,26,43.552760,10.781036
5180,NCE,27,43.582746,10.069109
5181,NCE,28,43.608310,9.356525
5182,NCE,29,43.629445,8.643387
5183,NCE,30,43.646144,7.929801
5184,NCE,31,43.658401,7.215870
5185,NIM,0,41.275278,28.751944
5186,NIM,1,40.481846,27.621535
5187,NIM,2,39.677660,26.517714
5188,NIM,3,38.863266,25.439460
5189,NIM,4,38.039183,24.385772
5190,NIM,5,37.205907,23.355663
5191,NIM,6,36.363906,22.348171
5192,NIM,7,35.513628,21.362354
5193,NIM,8,34.655500,20.397294
5194,NIM,9,33.789924,19.452098
5195,NIM,10,32.917286,18.525898
5196,NIM,11,32.037951,17.617854
5197,NIM,12,31.152269,16.727147
5198,NIM,13,30.260570,15.852989
5199,NIM,14,29.363171,14.994613
5200,NIM,15,28.460372,14.151279
5201,NIM,16,27.552461,13.322269
5202,NIM,17,26.639712,12.506892
5203,NIM,18,25.722387,11.704475
5204,NIM,19,24.800734,10.914371
5205,NIM,20,23.874995,10.135952
5206,NIM,21,22.945397,9.368612
5207,NIM,22,22.012160,8.611761
5208,NIM,23,21.075494,7.864832
5209,NIM,24,20.135602,7.127272
5210,NIM,25,19.192679,6.398545
5211,NIM,26,18.246910,5.678133
5212,NIM,27,17.298478,4.965532
5213,NIM,28,16.347555,4.260250
5214,NIM,29,15.394310,3.561810
5215,NIM,30,14.438905,2.869748
5216,NIM,31,13.481500,2.183610
5217,NJF,0,41.275278,28.751944
5218,NJF,1,41.010779,29.319396
5219,NJF,2,40.743520,29.882287
5220,NJF,3,40.473548,30.440649
5221,NJF,4,40.200911,30.994518
5222,NJF,5,39.925655,31.543929
5223,NJF,6,39.647828,32.088919
5224,NJF,7,39.367474,32.629527
5225,NJF,8,39.084639,33.165793
5226,NJF,9,38.799367,33.697757
5227,NJF,10,38.511702,34.225461
5228,NJF,11,38.221689,34.748949
5229,NJF,12,37.929369,35.268263
5230,NJF,13,37.634785,35.783448
5231,NJF,14,37.337979,36.294550
5232,NJF,15,37.038991,36.801613
5233,NJF,16,36.737863,37.304684
5234,NJF,17,36.434634,37.803809
5235,NJF,18,36.129344,38.299037
5236,NJF,19,35.822031,38.790415
5237,NJF,20,35.512734,39.277990
5238,NJF,21,35.201490,39.761812
5239,NJF,22,34.888336,40.241928
5240,NJF,23,34.573309,40.718387
5241,NJF,24,34.256445,41.191239
5242,NJF,25,33.937779,41.660532
5243,NJF,26,33.617345,42.126316
5244,NJF,27,33.295179,42.588640
5245,NJF,28,32.971314,43.047553
5246,NJF,29,32.645783,43.503104
5247,NJF,30,32.318618,43.955342
5248,NJF,31,31.989853,44.404317
5249,NOP,0,41.275278,28.751944
5250,NOP,1,41.304520,28.953224
5251,NOP,2,41.333410,29.154684
5252,NOP,3,41.361949,29.356321
5253,NOP,4,41.390136,29.558134
5254,NOP,5,41.417970,29.760122
5255,NOP,6,41.445450,29.962281
5256,NOP,7,41.472576,30.164610
5257,NOP,8,41.499348,30.367108
5258,NOP,9,41.525763,30.569772
5259,NOP,10,41.551823,30.772601
5260,NOP,11,41.577526,30.975592
5261,NOP,12,41.602872,31.178743
5262,NOP,13,41.627860,31.382053
5263,NOP,14,41.652489,31.585520
5264,NOP,15,41.676759,31.789141
5265,NOP,16,41.700670,31.992915
5266,NOP,17,41.724220,32.196839
5267,NOP,18,41.747410,32.400911
5268,NOP,19,41.770238,32.605130
5269,NOP,20,41.792704,32.809493
5270,NOP,21,41.814808,33.013998
5271,NOP,22,41.836549,33.218644
5272,NOP,23,41.857927,33.423427
5273,NOP,24,41.878940,33.628346
5274,NOP,25,41.899589,33.833398
5275,NOP,26,41.919873,34.038583
5276,NOP,27,41.939791,34.243896
5277,NOP,28,41.959344,34.449336
5278,NOP,29,41.978530,34.654902
5279,NOP,30,41.997349,34.860590
5280,NOP,31,42.015800,35.066399
5281,NRT,0,41.275278,28.751944
5282,NRT,1,42.923864,31.470523
5283,NRT,2,44.504637,34.335425
5284,NRT,3,46.009870,37.356080
5285,NRT,4,47.431161,40.540857
5286,NRT,5,48.759471,43.896424
5287,NRT,6,49.985211,47.426984
5288,NRT,7,51.098388,51.133397
5289,NRT,8,52.088817,55.012264
5290,NRT,9,52.946424,59.055055
5291,NRT,10,53.661605,63.247429
5292,NRT,11,54.225654,67.568895
5293,NRT,12,54.631213,71.992963
5294,NRT,13,54.872702,76.487908
5295,NRT,14,54.946676,81.018133
5296,NRT,15,54.852063,85.546034
5297,NRT,16,54.590234,90.034144
5298,NRT,17,54.164909,94.447248
5299,NRT,18,53.581910,98.754199
5300,NRT,19,52.848781,102.929217
5301,NRT,20,51.974365,106.952565
5302,NRT,21,50.968343,110.810642
5303,NRT,22,49.840824,114.495590
5304,NRT,23,48.601981,118.004579
5305,NRT,24,47.261769,121.338930
5306,NRT,25,45.829716,124.503191
5307,NRT,26,44.314785,127.504278
5308,NRT,27,42.725298,130.350723
5309,NRT,28,41.068899,133.052049
5310,NRT,29,39.352557,135.618282
5311,NRT,30,37.582589,138.059587
5312,NRT,31,35.764702,140.386002
5313,NSI,0,41.275278,28.751944
5314,NSI,1,40.105281,27.975623
5315,NSI,2,38.930277,27.225613
5316,NSI,3,37.750631,26.500096
5317,NSI,4,36.566677,25.797392
5318,NSI,5,35.378724,25.115942
5319,NSI,6,34.187056,24.454300
5320,NSI,7,32.991936,23.811122
5321,NSI,8,31.793607,23.185154
5322,NSI,9,30.592293,22.575232
5323,NSI,10,29.388205,21.980264
5324,NSI,11,28.181537,21.399232
5325,NSI,12,26.972471,20.831181
5326,NSI,13,25.761177,20.275214
5327,NSI,14,24.547815,19.730487
5328,NSI,15,23.332532,19.196206
5329,NSI,16,22.115470,18.671622
5330,NSI,17,20.896762,18.156023
5331,NSI,18,19.676533,17.648738
5332,NSI,19,18.454902,17.149127
5333,NSI,20,17.231980,16.656580
5334,NSI,21,16.007877,16.170515
5335,NSI,22,14.782693,15.690376
5336,NSI,23,13.556529,15.215628
5337,NSI,24,12.329477,14.745757
5338,NSI,25,11.101628,14.280267
5339,NSI,26,9.873071,13.818677
5340,NSI,27,8.643891,13.360520
5341,NSI,28,7.414170,12.905343
5342,NSI,29,6.183989,12.452703
5343,NSI,30,4.953426,12.002164
5344,NSI,31,3.722560,11.553300
5345,NUE,0,41.275278,28.751944
5346,NUE,1,41.579365,28.259274
5347,NUE,2,41.881329,27.761960
5348,NUE,3,42.181127,27.259939
5349,NUE,4,42.478716,26.753153
5350,NUE,5,42.774051,26.241543
5351,NUE,6,43.067087,25.725048
5352,NUE,7,43.357778,25.203612
5353,NUE,8,43.646077,24.677176
5354,NUE,9,43.931937,24.145684
5355,NUE,10,44.215311,23.609081
5356,NUE,11,44.496148,23.067312
5357,NUE,12,44.774399,22.520323
5358,NUE,13,45.050015,21.968063
5359,NUE,14,45.322943,21.410481
5360,NUE,15,45.593132,20.847528
5361,NUE,16,45.860529,20.279156
5362,NUE,17,46.125081,19.705321
5363,NUE,18,46.386735,19.125978
5364,NUE,19,46.645434,18.541086
5365,NUE,20,46.901125,17.950606
5366,NUE,21,47.153751,17.354501
5367,NUE,22,47.403255,16.752737
5368,NUE,23,47.649580,16.145282
5369,NUE,24,47.892669,15.532108
5370,NUE,25,48.132463,14.913190
5371,NUE,26,48.368903,14.288505
5372,NUE,27,48.601929,13.658035
5373,NUE,28,48.831482,13.021764
5374,NUE,29,49.057502,12.379681
5375,NUE,30,49.279928,11.731780
5376,NUE,31,49.498699,11.078056
5377,ODS,0,41.275278,28.751944
5378,ODS,1,41.441933,28.809100
5379,ODS,2,41.608560,28.866551
5380,ODS,3,41.775157,28.924300
5381,ODS,4,41.941726,28.982349
5382,ODS,5,42.108265,29.040702
5383,ODS,6,42.274775,29.099362
5384,ODS,7,42.441255,29.158333
5385,ODS,8,42.607704,29.217619
5386,ODS,9,42.774122,29.277222
5387,ODS,10,42.940509,29.337146
5388,ODS,11,43.106865,29.397395
5389,ODS,12,43.273190,29.457972
5390,ODS,13,43.439482,29.518882
5391,ODS,14,43.605741,29.580127
5392,ODS,15,43.771968,29.641711
5393,ODS,16,43.938161,29.703639
5394,ODS,17,44.104321,29.765913
5395,ODS,18,44.270447,29.828539
5396,ODS,19,44.436538,29.891520
5397,ODS,20,44.602595,29.954860
5398,ODS,21,44.768616,30.018563
5399,ODS,22,44.934602,30.082633
5400,ODS,23,45.100551,30.147075
5401,ODS,24,45.266464,30.211892
5402,ODS,25,45.432341,30.277089
5403,ODS,26,45.598180,30.342671
5404,ODS,27,45.763981,30.408641
5405,ODS,28,45.929744,30.475004
5406,ODS,29,46.095469,30.541766
5407,ODS,30,46.261154,30.608929
5408,ODS,31,46.426800,30.676500
5409,ORD,0,41.275278,28.751944
5410,ORD,1,43.127925,26.388476
5411,ORD,2,44.928921,23.879483
5412,ORD,3,46.671465,21.210779
5413,ORD,4,48.347883,18.367756
5414,ORD,5,49.949554,15.335816
5415,ORD,6,51.466857,12.101014
5416,ORD,7,52.889167,8.650954
5417,ORD,8,54.204906,4.975980
5418,ORD,9,55.401682,1.070647
5419,ORD,10,56.466549,-3.064580
5420,ORD,11,57.386404,-7.421566
5421,ORD,12,58.148528,-11.982942
5422,ORD,13,58.741256,-16.721111
5423,ORD,14,59.154726,-21.598207
5424,ORD,15,59.381608,-26.567325
5425,ORD,16,59.417714,-31.575083
5426,ORD,17,59.262365,-36.565258
5427,ORD,18,58.918457,-41.482931
5428,ORD,19,58.392196,-46.278389
5429,ORD,20,57.692573,-50.910144
5430,ORD,21,56.830663,-55.346674
5431,ORD,22,55.818873,-59.566832
5432,ORD,23,54.670232,-63.559167
5433,ORD,24,53.397800,-67.320528
5434,ORD,25,52.014215,-70.854343
5435,ORD,26,50.531383,-74.168869
5436,ORD,27,48.960299,-77.275625
5437,ORD,28,47.310964,-80.188094
5438,ORD,29,45.592370,-82.920716
5439,ORD,30,43.812542,-85.488157
5440,ORD,31,41.978600,-87.904800
5441,ORN,0,41.275278,28.751944
5442,ORN,1,41.214713,27.744144
5443,ORN,2,41.145379,26.738343
5444,ORN,3,41.067316,25.734801
5445,ORN,4,40.980568,24.733770
5446,ORN,5,40.885186,23.735500
5447,ORN,6,40.781222,22.740232
5448,ORN,7,40.668734,21.748202
5449,ORN,8,40.547786,20.759639
5450,ORN,9,40.418444,19.774762
5451,ORN,10,40.280778,18.793787
5452,ORN,11,40.134862,17.816918
5453,ORN,12,39.980774,16.844351
5454,ORN,13,39.818595,15.876275
5455,ORN,14,39.648410,14.912870
5456,ORN,15,39.470306,13.954306
5457,ORN,16,39.284373,13.000743
5458,ORN,17,39.090704,12.052334
5459,ORN,18,38.889395,11.109222
5460,ORN,19,38.680544,10.171540
5461,ORN,20,38.464249,9.239411
5462,ORN,21,38.240613,8.312950
5463,ORN,22,38.009740,7.392263
5464,ORN,23,37.771734,6.477446
5465,ORN,24,37.526702,5.568585
5466,ORN,25,37.274752,4.665759
5467,ORN,26,37.015992,3.769036
5468,ORN,27,36.750531,2.878479
5469,ORN,28,36.478481,1.994138
5470,ORN,29,36.199951,1.116058
5471,ORN,30,35.915054,0.244275
5472,ORN,31,35.623901,-0.621183
5473,OSL,0,41.275278,28.751944
5474,OSL,1,41.915740,28.366512
5475,OSL,2,42.554886,27.973273
5476,OSL,3,43.192660,27.571905
5477,OSL,4,43.829002,27.162068
5478,OSL,5,44.463848,26.743409
5479,OSL,6,45.097130,26.315556
5480,OSL,7,45.728780,25.878118
5481,OSL,8,46.358721,25.430687
5482,OSL,9,46.986878,24.972833
5483,OSL,10,47.613165,24.504107
5484,OSL,11,48.237498,24.024035
5485,OSL,12,48.859782,23.532121
5486,OSL,13,49.479921,23.027842
5487,OSL,14,50.097813,22.510652
5488,OSL,15,50.713346,21.979972
5489,OSL,16,51.326407,21.435198
5490,OSL,17,51.936873,20.875692
5491,OSL,18,52.544613,20.300786
5492,OSL,19,53.149490,19.709774
5493,OSL,20,53.751358,19.101916
5494,OSL,21,54.350062,18.476435
5495,OSL,22,54.945437,17.832511
5496,OSL,23,55.537307,17.169284
5497,OSL,24,56.125485,16.485852
5498,OSL,25,56.709775,15.781264
5499,OSL,26,57.289963,15.054525
5500,OSL,27,57.865827,14.304590
5501,OSL,28,58.437126,13.530363
5502,OSL,29,59.003605,12.730698
5503,OSL,30,59.564993,11.904395
5504,OSL,31,60.121000,11.050200
5505,OSM,0,41.275278,28.751944
5506,OSM,1,41.143969,29.247436
5507,OSM,2,41.010545,29.740932
5508,OSM,3,40.875025,30.232418
5509,OSM,4,40.737428,30.721880
5510,OSM,5,40.597771,31.209306
5511,OSM,6,40.456075,31.694686
5512,OSM,7,40.312356,32.178008
5513,OSM,8,40.166635,32.659263
5514,OSM,9,40.018931,33.138442
5515,OSM,10,39.869261,33.615538
5516,OSM,11,39.717645,34.090542
5517,OSM,12,39.564102,34.563450
5518,OSM,13,39.408651,35.034255
5519,OSM,14,39.251310,35.502953
5520,OSM,15,39.092100,35.969540
5521,OSM,16,38.931039,36.434013
5522,OSM,17,38.768145,36.896370
5523,OSM,18,38.603438,37.356608
5524,OSM,19,38.436937,37.814727
5525,OSM,20,38.268660,38.270726
5526,OSM,21,38.098627,38.724607
5527,OSM,22,37.926856,39.176369
5528,OSM,23,37.753366,39.626015
5529,OSM,24,37.578176,40.073547
5530,OSM,25,37.401305,40.518969
5531,OSM,26,37.222771,40.962282
5532,OSM,27,37.042592,41.403492
5533,OSM,28,36.860787,41.842604
5534,OSM,29,36.677375,42.279621
5535,OSM,30,36.492373,42.714551
5536,OSM,31,36.305801,43.147400
5537,OSS,0,41.275278,28.751944
5538,OSS,1,41.519496,30.129271
5539,OSS,2,41.747161,31.516677
5540,OSS,3,41.958020,32.913590
5541,OSS,4,42.151836,34.319402
5542,OSS,5,42.328389,35.733464
5543,OSS,6,42.487474,37.155089
5544,OSS,7,42.628904,38.583560
5545,OSS,8,42.752510,40.018125
5546,OSS,9,42.858144,41.458006
5547,OSS,10,42.945678,42.902398
5548,OSS,11,43.015005,44.350475
5549,OSS,12,43.066039,45.801393
5550,OSS,13,43.098717,47.254293
5551,OSS,14,43.112998,48.708307
5552,OSS,15,43.108865,50.162563
5553,OSS,16,43.086323,51.616185
5554,OSS,17,43.045400,53.068302
5555,OSS,18,42.986146,54.518050
5556,OSS,19,42.908635,55.964576
5557,OSS,20,42.812962,57.407044
5558,OSS,21,42.699244,58.844637
5559,OSS,22,42.567618,60.276562
5560,OSS,23,42.418242,61.702051
5561,OSS,24,42.251293,63.120369
5562,OSS,25,42.066965,64.530810
5563,OSS,26,41.865470,65.932706
5564,OSS,27,41.647038,67.325425
5565,OSS,28,41.411912,68.708375
5566,OSS,29,41.160348,70.081004
5567,OSS,30,40.892618,71.442800
5568,OSS,31,40.609001,72.793297
5569,OTP,0,41.275278,28.751944
5570,OTP,1,41.382528,28.670232
5571,OTP,2,41.489721,28.588249
5572,OTP,3,41.596855,28.505995
5573,OTP,4,41.703930,28.423468
5574,OTP,5,41.810946,28.340665
5575,OTP,6,41.917902,28.257585
5576,OTP,7,42.024798,28.174227
5577,OTP,8,42.131634,28.090587
5578,OTP,9,42.238409,28.006665
5579,OTP,10,42.345122,27.922459
5580,OTP,11,42.451773,27.837967
5581,OTP,12,42.558363,27.753186
5582,OTP,13,42.664889,27.668115
5583,OTP,14,42.771352,27.582752
5584,OTP,15,42.877752,27.497096
5585,OTP,16,42.984088,27.411143
5586,OTP,17,43.090359,27.324893
5587,OTP,18,43.196565,27.238343
5588,OTP,19,43.302706,27.151492
5589,OTP,20,43.408780,27.064336
5590,OTP,21,43.514789,26.976875
5591,OTP,22,43.620730,26.889107
5592,OTP,23,43.726604,26.801028
5593,OTP,24,43.832410,26.712638
5594,OTP,25,43.938148,26.623934
5595,OTP,26,44.043817,26.534914
5596,OTP,27,44.149417,26.445575
5597,OTP,28,44.254946,26.355917
5598,OTP,29,44.360406,26.265936
5599,OTP,30,44.465794,26.175632
5600,OTP,31,44.571111,26.085000
5601,OVB,0,41.275278,28.751944
5602,OVB,1,42.049029,29.991244
5603,OVB,2,42.809122,31.260832
5604,OVB,3,43.554843,32.561709
5605,OVB,4,44.285448,33.894849
5606,OVB,5,45.000160,35.261197
5607,OVB,6,45.698172,36.661654
5608,OVB,7,46.378645,38.097065
5609,OVB,8,47.040709,39.568206
5610,OVB,9,47.683466,41.075768
5611,OVB,10,48.305989,42.620343
5612,OVB,11,48.907326,44.202401
5613,OVB,12,49.486503,45.822279
5614,OVB,13,50.042527,47.480153
5615,OVB,14,50.574390,49.176025
5616,OVB,15,51.081076,50.909697
5617,OVB,16,51.561563,52.680757
5618,OVB,17,52.014833,54.488556
5619,OVB,18,52.439880,56.332190
5620,OVB,19,52.835713,58.210490
5621,OVB,20,53.201371,60.122007
5622,OVB,21,53.535928,62.065004
5623,OVB,22,53.838506,64.037454
5624,OVB,23,54.108280,66.037045
5625,OVB,24,54.344494,68.061182
5626,OVB,25,54.546465,70.107009
5627,OVB,26,54.713597,72.171424
5628,OVB,27,54.845383,74.251112
5629,OVB,28,54.941420,76.342572
5630,OVB,29,55.001408,78.442162
5631,OVB,30,55.025160,80.546139
5632,OVB,31,55.012600,82.650703
5633,PEK,0,41.275278,28.751944
5634,PEK,1,42.315013,31.118505
5635,PEK,2,43.304481,33.562608
5636,PEK,3,44.240222,36.085341
5637,PEK,4,45.118687,38.687061
5638,PEK,5,45.936278,41.367260
5639,PEK,6,46.689391,44.124442
5640,PEK,7,47.374463,46.956003
5641,PEK,8,47.988036,49.858139
5642,PEK,9,48.526821,52.825777
5643,PEK,10,48.987771,55.852558
5644,PEK,11,49.368153,58.930856
5645,PEK,12,49.665617,62.051870
5646,PEK,13,49.878265,65.205766
5647,PEK,14,50.004708,68.381878
5648,PEK,15,50.044102,71.568960
5649,PEK,16,49.996185,74.755477
5650,PEK,17,49.861277,77.929907
5651,PEK,18,49.640275,81.081050
5652,PEK,19,49.334621,84.198311
5653,PEK,20,48.946261,87.271947
5654,PEK,21,48.477583,90.293267
5655,PEK,22,47.931355,93.254768
5656,PEK,23,47.310651,96.150213
5657,PEK,24,46.618779,98.974658
5658,PEK,25,45.859211,101.724417
5659,PEK,26,45.035515,104.397001
5660,PEK,27,44.151298,106.991014
5661,PEK,28,43.210155,109.506039
5662,PEK,29,42.215627,111.942510
5663,PEK,30,41.171163,114.301580
5664,PEK,31,40.080101,116.584999
5665,PRG,0,41.275278,28.751944
5666,PRG,1,41.585865,28.351668
5667,PRG,2,41.895050,27.947532
5668,PRG,3,42.202805,27.539472
5669,PRG,4,42.509099,27.127428
5670,PRG,5,42.813903,26.711335
5671,PRG,6,43.117185,26.291131
5672,PRG,7,43.418915,25.866752
5673,PRG,8,43.719060,25.438133
5674,PRG,9,44.017587,25.005210
5675,PRG,10,44.314462,24.567918
5676,PRG,11,44.609653,24.126191
5677,PRG,12,44.903124,23.679965
5678,PRG,13,45.194839,23.229174
5679,PRG,14,45.484762,22.773751
5680,PRG,15,45.772858,22.313632
5681,PRG,16,46.059087,21.848749
5682,PRG,17,46.343412,21.379038
5683,PRG,18,46.625794,20.904433
5684,PRG,19,46.906192,20.424868
5685,PRG,20,47.184567,19.940277
5686,PRG,21,47.460878,19.450597
5687,PRG,22,47.735081,18.955762
5688,PRG,23,48.007135,18.455709
5689,PRG,24,48.276996,17.950374
5690,PRG,25,48.544619,17.439694
5691,PRG,26,48.809960,16.923608
5692,PRG,27,49.072973,16.402056
5693,PRG,28,49.333612,15.874976
5694,PRG,29,49.591828,15.342312
5695,PRG,30,49.847573,14.804005
5696,PRG,31,50.100800,14.260000
5697,PRN,0,41.275278,28.751944
5698,PRN,1,41.325091,28.508170
5699,PRN,2,41.374389,28.264024
5700,PRN,3,41.423170,28.019510
5701,PRN,4,41.471432,27.774631
5702,PRN,5,41.519174,27.529388
5703,PRN,6,41.566395,27.283786
5704,PRN,7,41.613092,27.037826
5705,PRN,8,41.659264,26.791511
5706,PRN,9,41.704910,26.544846
5707,PRN,10,41.750028,26.297832
5708,PRN,11,41.794615,26.050472
5709,PRN,12,41.838671,25.802770
5710,PRN,13,41.882195,25.554729
5711,PRN,14,41.925184,25.306352
5712,PRN,15,41.967637,25.057642
5713,PRN,16,42.009552,24.808602
5714,PRN,17,42.050929,24.559236
5715,PRN,18,42.091765,24.309547
5716,PRN,19,42.132059,24.059539
5717,PRN,20,42.171809,23.809214
5718,PRN,21,42.211015,23.558577
5719,PRN,22,42.249675,23.307631
5720,PRN,23,42.287786,23.056379
5721,PRN,24,42.325349,22.804825
5722,PRN,25,42.362361,22.552972
5723,PRN,26,42.398822,22.300825
5724,PRN,27,42.434729,22.048387
5725,PRN,28,42.470082,21.795662
5726,PRN,29,42.504879,21.542653
5727,PRN,30,42.539119,21.289365
5728,PRN,31,42.572800,21.035801
5729,PVG,0,41.275278,28.751944
5730,PVG,1,42.264804,31.575585
5731,PVG,2,43.182918,34.485948
5732,PVG,3,44.025075,37.481422
5733,PVG,4,44.786794,40.559020
5734,PVG,5,45.463734,43.714255
5735,PVG,6,46.051789,46.941057
5736,PVG,7,46.547190,50.231755
5737,PVG,8,46.946606,53.577120
5738,PVG,9,47.247239,56.966498
5739,PVG,10,47.446915,60.388023
5740,PVG,11,47.544157,63.828905
5741,PVG,12,47.538235,67.275783
5742,PVG,13,47.429196,70.715116
5743,PVG,14,47.217854,74.133589
5744,PVG,15,46.905771,77.518502
5745,PVG,16,46.495196,80.858114
5746,PVG,17,45.988991,84.141924
5747,PVG,18,45.390545,87.360880
5748,PVG,19,44.703670,90.507489
5749,PVG,20,43.932503,93.575869
5750,PVG,21,43.081406,96.561707
5751,PVG,22,42.154873,99.462183
5752,PVG,23,41.157448,102.275833
5753,PVG,24,40.093656,105.002397
5754,PVG,25,38.967946,107.642651
5755,PVG,26,37.784639,110.198239
5756,PVG,27,36.547905,112.671506
5757,PVG,28,35.261727,115.065353
5758,PVG,29,33.929895,117.383101
5759,PVG,30,32.555993,119.628374
5760,PVG,31,31.143400,121.805000
5761,RIX,0,41.275278,28.751944
5762,RIX,1,41.782596,28.637734
5763,RIX,2,42.289799,28.521703
5764,RIX,3,42.796884,28.403788
5765,RIX,4,43.303845,28.283924
5766,RIX,5,43.810679,28.162045
5767,RIX,6,44.317382,28.038080
5768,RIX,7,44.823948,27.911956
5769,RIX,8,45.330372,27.783595
5770,RIX,9,45.836651,27.652919
5771,RIX,10,46.342777,27.519844
5772,RIX,11,46.848747,27.384281
5773,RIX,12,47.354553,27.246141
5774,RIX,13,47.860190,27.105328
5775,RIX,14,48.365652,26.961741
5776,RIX,15,48.870931,26.815276
5777,RIX,16,49.376021,26.665823
5778,RIX,17,49.880915,26.513267
5779,RIX,18,50.385604,26.357487
5780,RIX,19,50.890080,26.198356
5781,RIX,20,51.394336,26.035741
5782,RIX,21,51.898361,25.869503
5783,RIX,22,52.402147,25.699493
5784,RIX,23,52.905683,25.525556
5785,RIX,24,53.408959,25.347530
5786,RIX,25,53.911965,25.165242
5787,RIX,26,54.414687,24.978510
5788,RIX,27,54.917115,24.787143
5789,RIX,28,55.419234,24.590939
5790,RIX,29,55.921031,24.389683
5791,RIX,30,56.422491,24.183150
5792,RIX,31,56.923599,23.971100
5793,ROV,0,41.275278,28.751944
5794,ROV,1,41.491765,29.076672
5795,ROV,2,41.707333,29.403572
5796,ROV,3,41.921969,29.732668
5797,ROV,4,42.135658,30.063980
5798,ROV,5,42.348388,30.397531
5799,ROV,6,42.560144,30.733341
5800,ROV,7,42.770913,31.071433
5801,ROV,8,42.980681,31.411829
5802,ROV,9,43.189434,31.754549
5803,ROV,10,43.397156,32.099616
5804,ROV,11,43.603834,32.447051
5805,ROV,12,43.809453,32.796876
5806,ROV,13,44.013997,33.149111
5807,ROV,14,44.217451,33.503777
5808,ROV,15,44.419801,33.860897
5809,ROV,16,44.621030,34.220490
5810,ROV,17,44.821123,34.582577
5811,ROV,18,45.020064,34.947179
5812,ROV,19,45.217837,35.314316
5813,ROV,20,45.414425,35.684008
5814,ROV,21,45.609813,36.056275
5815,ROV,22,45.803983,36.431137
5816,ROV,23,45.996919,36.808612
5817,ROV,24,46.188603,37.188720
5818,ROV,25,46.379019,37.571480
5819,ROV,26,46.568149,37.956910
5820,ROV,27,46.755975,38.345027
5821,ROV,28,46.942480,38.735850
5822,ROV,29,47.127646,39.129396
5823,ROV,30,47.311455,39.525681
5824,ROV,31,47.493888,39.924722
5825,RTM,0,41.275278,28.751944
5826,RTM,1,41.690892,28.111392
5827,RTM,2,42.102903,27.462545
5828,RTM,3,42.511211,26.805250
5829,RTM,4,42.915714,26.139350
5830,RTM,5,43.316307,25.464694
5831,RTM,6,43.712882,24.781128
5832,RTM,7,44.105330,24.088503
5833,RTM,8,44.493538,23.386671
5834,RTM,9,44.877390,22.675486
5835,RTM,10,45.256769,21.954804
5836,RTM,11,45.631556,21.224487
5837,RTM,12,46.001627,20.484400
5838,RTM,13,46.366857,19.734411
5839,RTM,14,46.727118,18.974394
5840,RTM,15,47.082280,18.204231
5841,RTM,16,47.432211,17.423807
5842,RTM,17,47.776775,16.633015
5843,RTM,18,48.115835,15.831758
5844,RTM,19,48.449253,15.019945
5845,RTM,20,48.776886,14.197495
5846,RTM,21,49.098590,13.364338
5847,RTM,22,49.414221,12.520413
5848,RTM,23,49.723632,11.665673
5849,RTM,24,50.026674,10.800083
5850,RTM,25,50.323196,9.923619
5851,RTM,26,50.613048,9.036276
5852,RTM,27,50.896077,8.138061
5853,RTM,28,51.172131,7.228998
5854,RTM,29,51.441055,6.309128
5855,RTM,30,51.702697,5.378509
5856,RTM,31,51.956902,4.437220
5857,RUH,0,41.275278,28.751944
5858,RUH,1,40.795909,29.451181
5859,RUH,2,40.312380,30.140348
5860,RUH,3,39.824820,30.819677
5861,RUH,4,39.333355,31.489394
5862,RUH,5,38.838105,32.149726
5863,RUH,6,38.339189,32.800897
5864,RUH,7,37.836722,33.443129
5865,RUH,8,37.330815,34.076642
5866,RUH,9,36.821576,34.701651
5867,RUH,10,36.309109,35.318372
5868,RUH,11,35.793515,35.927015
5869,RUH,12,35.274895,36.527787
5870,RUH,13,34.753342,37.120893
5871,RUH,14,34.228949,37.706535
5872,RUH,15,33.701808,38.284909
5873,RUH,16,33.172004,38.856210
5874,RUH,17,32.639622,39.420630
5875,RUH,18,32.104746,39.978356
5876,RUH,19,31.567453,40.529572
5877,RUH,20,31.027823,41.074458
5878,RUH,21,30.485929,41.613193
5879,RUH,22,29.941846,42.145949
5880,RUH,23,29.395643,42.672898
5881,RUH,24,28.847390,43.194206
5882,RUH,25,28.297154,43.710038
5883,RUH,26,27.744999,44.220553
5884,RUH,27,27.190988,44.725911
5885,RUH,28,26.635185,45.226264
5886,RUH,29,26.077647,45.721765
5887,RUH,30,25.518433,46.212561
5888,RUH,31,24.957600,46.698799
5889,SAH,0,41.275278,28.751944
5890,SAH,1,40.477923,29.404060
5891,SAH,2,39.676989,30.040833
5892,SAH,3,38.872657,30.662976
5893,SAH,4,38.065098,31.271167
5894,SAH,5,37.254475,31.866053
5895,SAH,6,36.440938,32.448251
5896,SAH,7,35.624633,33.018346
5897,SAH,8,34.805697,33.576900
5898,SAH,9,33.984260,34.124446
5899,SAH,10,33.160443,34.661494
5900,SAH,11,32.334364,35.188531
5901,SAH,12,31.506135,35.706023
5902,SAH,13,30.675859,36.214412
5903,SAH,14,29.843638,36.714126
5904,SAH,15,29.009566,37.205570
5905,SAH,16,28.173736,37.689135
5906,SAH,17,27.336233,38.165194
5907,SAH,18,26.497141,38.634105
5908,SAH,19,25.656539,39.096213
5909,SAH,20,24.814502,39.551847
5910,SAH,21,23.971104,40.001326
5911,SAH,22,23.126414,40.444954
5912,SAH,23,22.280499,40.883027
5913,SAH,24,21.433423,41.315827
5914,SAH,25,20.585248,41.743630
5915,SAH,26,19.736033,42.166698
5916,SAH,27,18.885835,42.585288
5917,SAH,28,18.034711,42.999647
5918,SAH,29,17.182712,43.410014
5919,SAH,30,16.329892,43.816624
5920,SAH,31,15.476300,44.219700
5921,SCO,0,41.275278,28.751944
5922,SCO,1,41.424697,29.437047
5923,SCO,2,41.570032,30.125267
5924,SCO,3,41.711246,30.816547
5925,SCO,4,41.848299,31.510825
5926,SCO,5,41.981153,32.208039
5927,SCO,6,42.109771,32.908121
5928,SCO,7,42.234117,33.611003
5929,SCO,8,42.354155,34.316612
5930,SCO,9,42.469850,35.024872
5931,SCO,10,42.581169,35.735706
5932,SCO,11,42.688078,36.449032
5933,SCO,12,42.790547,37.164766
5934,SCO,13,42.888543,37.882822
5935,SCO,14,42.982039,38.603111
5936,SCO,15,43.071004,39.325540
5937,SCO,16,43.155412,40.050016
5938,SCO,17,43.235238,40.776442
5939,SCO,18,43.310455,41.504718
5940,SCO,19,43.381040,42.234743
5941,SCO,20,43.446972,42.966414
5942,SCO,21,43.508228,43.699625
5943,SCO,22,43.564791,44.434268
5944,SCO,23,43.616640,45.170235
5945,SCO,24,43.663761,45.907413
5946,SCO,25,43.706137,46.645692
5947,SCO,26,43.743756,47.384957
5948,SCO,27,43.776604,48.125092
5949,SCO,28,43.804670,48.865981
5950,SCO,29,43.827947,49.607508
5951,SCO,30,43.846425,50.349553
5952,SCO,31,43.860100,51.091999
5953,SIN,0,41.275278,28.751944
5954,SIN,1,40.841489,32.041540
5955,SIN,2,40.315562,35.283870
5956,SIN,3,39.700599,38.471903
5957,SIN,4,39.000069,41.599767
5958,SIN,5,38.217731,44.662784
5959,SIN,6,37.357556,47.657458
5960,SIN,7,36.423650,50.581420
5961,SIN,8,35.420194,53.433348
5962,SIN,9,34.351380,56.212870
5963,SIN,10,33.221366,58.920449
5964,SIN,11,32.034232,61.557269
5965,SIN,12,30.793954,64.125118
5966,SIN,13,29.504375,66.626282
5967,SIN,14,28.169190,69.063446
5968,SIN,15,26.791941,71.439605
5969,SIN,16,25.376004,73.757987
5970,SIN,17,23.924594,76.021984
5971,SIN,18,22.440768,78.235106
5972,SIN,19,20.927427,80.400926
5973,SIN,20,19.387323,82.523052
5974,SIN,21,17.823074,84.605098
5975,SIN,22,16.237166,86.650660
5976,SIN,23,14.631968,88.663309
5977,SIN,24,13.009744,90.646574
5978,SIN,25,11.372660,92.603940
5979,SIN,26,9.722799,94.538848
5980,SIN,27,8.062168,96.454693
5981,SIN,28,6.392716,98.354829
5982,SIN,29,4.716337,100.242572
5983,SIN,30,3.034887,102.121209
5984,SIN,31,1.350190,103.994003
5985,SJJ,0,41.275278,28.751944
5986,SJJ,1,41.371867,28.429488
5987,SJJ,2,41.467553,28.106078
5988,SJJ,3,41.562331,27.781716
5989,SJJ,4,41.656195,27.456406
5990,SJJ,5,41.749138,27.130151
5991,SJJ,6,41.841156,26.802954
5992,SJJ,7,41.932243,26.474821
5993,SJJ,8,42.022393,26.145753
5994,SJJ,9,42.111601,25.815756
5995,SJJ,10,42.199860,25.484833
5996,SJJ,11,42.287165,25.152990
5997,SJJ,12,42.373512,24.820231
5998,SJJ,13,42.458893,24.486561
5999,SJJ,14,42.543304,24.151985
6000,SJJ,15,42.626739,23.816508
6001,SJJ,16,42.709193,23.480135
6002,SJJ,17,42.790659,23.142874
6003,SJJ,18,42.871134,22.804729
6004,SJJ,19,42.950611,22.465706
6005,SJJ,20,43.029085,22.125812
6006,SJJ,21,43.106550,21.785054
6007,SJJ,22,43.183002,21.443438
6008,SJJ,23,43.258435,21.100970
6009,SJJ,24,43.332844,20.757659
6010,SJJ,25,43.406224,20.413512
6011,SJJ,26,43.478569,20.068535
6012,SJJ,27,43.549874,19.722738
6013,SJJ,28,43.620135,19.376127
6014,SJJ,29,43.689346,19.028712
6015,SJJ,30,43.757503,18.680499
6016,SJJ,31,43.824600,18.331499
6017,SKG,0,41.275278,28.751944
6018,SKG,1,41.255446,28.563505
6019,SKG,2,41.235307,28.375182
6020,SKG,3,41.214861,28.186975
6021,SKG,4,41.194109,27.998887
6022,SKG,5,41.173051,27.810919
6023,SKG,6,41.151687,27.623073
6024,SKG,7,41.130019,27.435350
6025,SKG,8,41.108046,27.247752
6026,SKG,9,41.085769,27.060280
6027,SKG,10,41.063189,26.872936
6028,SKG,11,41.040305,26.685721
6029,SKG,12,41.017119,26.498638
6030,SKG,13,40.993630,26.311687
6031,SKG,14,40.969839,26.124870
6032,SKG,15,40.945748,25.938189
6033,SKG,16,40.921355,25.751644
6034,SKG,17,40.896662,25.565239
6035,SKG,18,40.871669,25.378973
6036,SKG,19,40.846376,25.192848
6037,SKG,20,40.820785,25.006867
6038,SKG,21,40.794895,24.821029
6039,SKG,22,40.768708,24.635338
6040,SKG,23,40.742223,24.449793
6041,SKG,24,40.715441,24.264397
6042,SKG,25,40.688363,24.079151
6043,SKG,26,40.660989,23.894056
6044,SKG,27,40.633319,23.709114
6045,SKG,28,40.605355,23.524326
6046,SKG,29,40.577096,23.339693
6047,SKG,30,40.548544,23.155217
6048,SKG,31,40.519699,22.970900
6049,SKP,0,41.275278,28.751944
6050,SKP,1,41.304248,28.524514
6051,SKP,2,41.332770,28.296884
6052,SKP,3,41.360843,28.069055
6053,SKP,4,41.388466,27.841032
6054,SKP,5,41.415639,27.612816
6055,SKP,6,41.442360,27.384411
6056,SKP,7,41.468630,27.155820
6057,SKP,8,41.494446,26.927044
6058,SKP,9,41.519809,26.698088
6059,SKP,10,41.544717,26.468954
6060,SKP,11,41.569170,26.239645
6061,SKP,12,41.593167,26.010164
6062,SKP,13,41.616708,25.780514
6063,SKP,14,41.639791,25.550697
6064,SKP,15,41.662416,25.320718
6065,SKP,16,41.684583,25.090579
6066,SKP,17,41.706289,24.860282
6067,SKP,18,41.727536,24.629832
6068,SKP,19,41.748322,24.399231
6069,SKP,20,41.768647,24.168482
6070,SKP,21,41.788510,23.937589
6071,SKP,22,41.807910,23.706554
6072,SKP,23,41.826847,23.475381
6073,SKP,24,41.845320,23.244072
6074,SKP,25,41.863329,23.012632
6075,SKP,26,41.880873,22.781063
6076,SKP,27,41.897952,22.549369
6077,SKP,28,41.914564,22.317552
6078,SKP,29,41.930710,22.085616
6079,SKP,30,41.946389,21.853565
6080,SKP,31,41.961601,21.621401
6081,SOF,0,41.275278,28.751944
6082,SOF,1,41.324937,28.583437
6083,SOF,2,41.374351,28.414674
6084,SOF,3,41.423517,28.245655
6085,SOF,4,41.472435,28.076380
6086,SOF,5,41.521105,27.906851
6087,SOF,6,41.569526,27.737066
6088,SOF,7,41.617696,27.567028
6089,SOF,8,41.665616,27.396736
6090,SOF,9,41.713284,27.226192
6091,SOF,10,41.760699,27.055394
6092,SOF,11,41.807861,26.884345
6093,SOF,12,41.854769,26.713045
6094,SOF,13,41.901422,26.541493
6095,SOF,14,41.947820,26.369692
6096,SOF,15,41.993960,26.197641
6097,SOF,16,42.039844,26.025341
6098,SOF,17,42.085469,25.852793
6099,SOF,18,42.130836,25.679997
6100,SOF,19,42.175943,25.506954
6101,SOF,20,42.220790,25.333665
6102,SOF,21,42.265375,25.160130
6103,SOF,22,42.309699,24.986350
6104,SOF,23,42.353759,24.812326
6105,SOF,24,42.397556,24.638059
6106,SOF,25,42.441089,24.463549
6107,SOF,26,42.484357,24.288797
6108,SOF,27,42.527359,24.113804
6109,SOF,28,42.570095,23.938570
6110,SOF,29,42.612563,23.763097
6111,SOF,30,42.654762,23.587386
6112,SOF,31,42.696693,23.411436
6113,SSH,0,41.275278,28.751944
6114,SSH,1,40.850916,28.966278
6115,SSH,2,40.426163,29.177883
6116,SSH,3,40.001028,29.386831
6117,SSH,4,39.575523,29.593192
6118,SSH,5,39.149658,29.797034
6119,SSH,6,38.723442,29.998422
6120,SSH,7,38.296884,30.197422
6121,SSH,8,37.869994,30.394094
6122,SSH,9,37.442781,30.588500
6123,SSH,10,37.015253,30.780697
6124,SSH,11,36.587419,30.970743
6125,SSH,12,36.159286,31.158694
6126,SSH,13,35.730862,31.344601
6127,SSH,14,35.302156,31.528519
6128,SSH,15,34.873174,31.710498
6129,SSH,16,34.443924,31.890586
6130,SSH,17,34.014413,32.068833
6131,SSH,18,33.584647,32.245285
6132,SSH,19,33.154633,32.419988
6133,SSH,20,32.724378,32.592985
6134,SSH,21,32.293887,32.764320
6135,SSH,22,31.863167,32.934035
6136,SSH,23,31.432224,33.102171
6137,SSH,24,31.001063,33.268768
6138,SSH,25,30.569691,33.433865
6139,SSH,26,30.138112,33.597499
6140,SSH,27,29.706331,33.759708
6141,SSH,28,29.274355,33.920528
6142,SSH,29,28.842188,34.079994
6143,SSH,30,28.409835,34.238140
6144,SSH,31,27.977301,34.395000
6145,STR,0,41.275278,28.751944
6146,STR,1,41.562341,28.200016
6147,STR,2,41.846741,27.643186
6148,STR,3,42.128428,27.081406
6149,STR,4,42.407350,26.514633
6150,STR,5,42.683455,25.942823
6151,STR,6,42.956691,25.365935
6152,STR,7,43.227005,24.783928
6153,STR,8,43.494341,24.196765
6154,STR,9,43.758647,23.604411
6155,STR,10,44.019867,23.006830
6156,STR,11,44.277945,22.403993
6157,STR,12,44.532824,21.795870
6158,STR,13,44.784449,21.182435
6159,STR,14,45.032761,20.563664
6160,STR,15,45.277703,19.939538
6161,STR,16,45.519216,19.310038
6162,STR,17,45.757242,18.675150
6163,STR,18,45.991722,18.034863
6164,STR,19,46.222596,17.389170
6165,STR,20,46.449805,16.738067
6166,STR,21,46.673288,16.081554
6167,STR,22,46.892985,15.419635
6168,STR,23,47.108836,14.752319
6169,STR,24,47.320780,14.079618
6170,STR,25,47.528756,13.401549
6171,STR,26,47.732704,12.718133
6172,STR,27,47.932563,12.029398
6173,STR,28,48.128272,11.335374
6174,STR,29,48.319772,10.636098
6175,STR,30,48.507001,9.931611
6176,STR,31,48.689899,9.221960
6177,SVO,0,41.275278,28.751944
6178,SVO,1,41.757846,28.963419
6179,SVO,2,42.240020,29.178097
6180,SVO,3,42.721788,29.396079
6181,SVO,4,43.203136,29.617472
6182,SVO,5,43.684051,29.842385
6183,SVO,6,44.164517,30.070932
6184,SVO,7,44.644520,30.303230
6185,SVO,8,45.124045,30.539403
6186,SVO,9,45.603074,30.779577
6187,SVO,10,46.081591,31.023887
6188,SVO,11,46.559579,31.272468
6189,SVO,12,47.037019,31.525467
6190,SVO,13,47.513892,31.783030
6191,SVO,14,47.990177,32.045315
6192,SVO,15,48.465855,32.312484
6193,SVO,16,48.940902,32.584704
6194,SVO,17,49.415296,32.862153
6195,SVO,18,49.889014,33.145014
6196,SVO,19,50.362029,33.433477
6197,SVO,20,50.834317,33.727745
6198,SVO,21,51.305850,34.028023
6199,SVO,22,51.776599,34.334531
6200,SVO,23,52.246534,34.647496
6201,SVO,24,52.715624,34.967156
6202,SVO,25,53.183836,35.293759
6203,SVO,26,53.651135,35.627564
6204,SVO,27,54.117485,35.968844
6205,SVO,28,54.582847,36.317883
6206,SVO,29,55.047182,36.674979
6207,SVO,30,55.510447,37.040442
6208,SVO,31,55.972599,37.414600
6209,SVX,0,41.275278,28.751944
6210,SVX,1,41.888161,29.499287
6211,SVX,2,42.496106,30.261050
6212,SVX,3,43.098907,31.037705
6213,SVX,4,43.696351,31.829736
6214,SVX,5,44.288218,32.637632
6215,SVX,6,44.874274,33.461895
6216,SVX,7,45.454281,34.303029
6217,SVX,8,46.027986,35.161550
6218,SVX,9,46.595128,36.037974
6219,SVX,10,47.155437,36.932825
6220,SVX,11,47.708630,37.846624
6221,SVX,12,48.254414,38.779897
6222,SVX,13,48.792483,39.733164
6223,SVX,14,49.322523,40.706944
6224,SVX,15,49.844204,41.701745
6225,SVX,16,50.357187,42.718068
6226,SVX,17,50.861121,43.756397
6227,SVX,18,51.355643,44.817200
6228,SVX,19,51.840378,45.900923
6229,SVX,20,52.314939,47.007985
6230,SVX,21,52.778929,48.138773
6231,SVX,22,53.231940,49.293639
6232,SVX,23,53.673551,50.472891
6233,SVX,24,54.103336,51.676788
6234,SVX,25,54.520857,52.905535
6235,SVX,26,54.925668,54.159275
6236,SVX,27,55.317318,55.438084
6237,SVX,28,55.695348,56.741959
6238,SVX,29,56.059298,58.070818
6239,SVX,30,56.408703,59.424488
6240,SVX,31,56.743099,60.802700
6241,SYZ,0,41.275278,28.751944
6242,SYZ,1,40.978914,29.635478
6243,SYZ,2,40.675865,30.511020
6244,SYZ,3,40.366264,31.378553
6245,SYZ,4,40.050239,32.238071
6246,SYZ,5,39.727923,33.089578
6247,SYZ,6,39.399445,33.933084
6248,SYZ,7,39.064933,34.768612
6249,SYZ,8,38.724516,35.596189
6250,SYZ,9,38.378321,36.415852
6251,SYZ,10,38.026473,37.227644
6252,SYZ,11,37.669098,38.031616
6253,SYZ,12,37.306318,38.827825
6254,SYZ,13,36.938256,39.616332
6255,SYZ,14,36.565032,40.397206
6256,SYZ,15,36.186765,41.170521
6257,SYZ,16,35.803572,41.936354
6258,SYZ,17,35.415569,42.694787
6259,SYZ,18,35.022871,43.445908
6260,SYZ,19,34.625589,44.189806
6261,SYZ,20,34.223834,44.926575
6262,SYZ,21,33.817716,45.656311
6263,SYZ,22,33.407341,46.379114
6264,SYZ,23,32.992814,47.095086
6265,SYZ,24,32.574240,47.804331
6266,SYZ,25,32.151719,48.506955
6267,SYZ,26,31.725352,49.203067
6268,SYZ,27,31.295238,49.892774
6269,SYZ,28,30.861471,50.576189
6270,SYZ,29,30.424148,51.253424
6271,SYZ,30,29.983360,51.924590
6272,SYZ,31,29.539200,52.589802
6273,SZG,0,41.275278,28.751944
6274,SZG,1,41.516997,28.298027
6275,SZG,2,41.756917,27.840719
6276,SZG,3,41.995011,27.379993
6277,SZG,4,42.231248,26.915820
6278,SZG,5,42.465600,26.448174
6279,SZG,6,42.698037,25.977027
6280,SZG,7,42.928529,25.502355
6281,SZG,8,43.157044,25.024133
6282,SZG,9,43.383553,24.542336
6283,SZG,10,43.608025,24.056942
6284,SZG,11,43.830428,23.567928
6285,SZG,12,44.050730,23.075273
6286,SZG,13,44.268899,22.578958
6287,SZG,14,44.484903,22.078963
6288,SZG,15,44.698710,21.575270
6289,SZG,16,44.910287,21.067863
6290,SZG,17,45.119601,20.556727
6291,SZG,18,45.326617,20.041848
6292,SZG,19,45.531304,19.523212
6293,SZG,20,45.733627,19.000811
6294,SZG,21,45.933551,18.474633
6295,SZG,22,46.131044,17.944670
6296,SZG,23,46.326070,17.410918
6297,SZG,24,46.518594,16.873370
6298,SZG,25,46.708583,16.332025
6299,SZG,26,46.896001,15.786882
6300,SZG,27,47.080813,15.237942
6301,SZG,28,47.262984,14.685207
6302,SZG,29,47.442480,14.128683
6303,SZG,30,47.619263,13.568378
6304,SZG,31,47.793301,13.004300
6305,TAS,0,41.275278,28.751944
6306,TAS,1,41.498218,30.015098
6307,TAS,2,41.707244,31.286704
6308,TAS,3,41.902164,32.566324
6309,TAS,4,42.082793,33.853492
6310,TAS,5,42.248958,35.147714
6311,TAS,6,42.400500,36.448471
6312,TAS,7,42.537268,37.755217
6313,TAS,8,42.659126,39.067386
6314,TAS,9,42.765953,40.384390
6315,TAS,10,42.857640,41.705620
6316,TAS,11,42.934094,43.030453
6317,TAS,12,42.995235,44.358249
6318,TAS,13,43.041000,45.688356
6319,TAS,14,43.071342,47.020115
6320,TAS,15,43.086229,48.352856
6321,TAS,16,43.085645,49.685908
6322,TAS,17,43.069592,51.018599
6323,TAS,18,43.038085,52.350256
6324,TAS,19,42.991158,53.680212
6325,TAS,20,42.928859,55.007807
6326,TAS,21,42.851254,56.332390
6327,TAS,22,42.758421,57.653323
6328,TAS,23,42.650456,58.969983
6329,TAS,24,42.527468,60.281763
6330,TAS,25,42.389581,61.588077
6331,TAS,26,42.236931,62.888359
6332,TAS,27,42.069668,64.182067
6333,TAS,28,41.887955,65.468683
6334,TAS,29,41.691965,66.747714
6335,TAS,30,41.481882,68.018698
6336,TAS,31,41.257900,69.281197
6337,TBS,0,41.275278,28.751944
6338,TBS,1,41.323373,29.268783
6339,TBS,2,41.369152,29.786367
6340,TBS,3,41.412609,30.304662
6341,TBS,4,41.453737,30.823631
6342,TBS,5,41.492530,31.343241
6343,TBS,6,41.528981,31.863455
6344,TBS,7,41.563086,32.384236
6345,TBS,8,41.594839,32.905548
6346,TBS,9,41.624234,33.427354
6347,TBS,10,41.651268,33.949617
6348,TBS,11,41.675935,34.472300
6349,TBS,12,41.698233,34.995364
6350,TBS,13,41.718158,35.518771
6351,TBS,14,41.735706,36.042484
6352,TBS,15,41.750875,36.566464
6353,TBS,16,41.763662,37.090672
6354,TBS,17,41.774066,37.615069
6355,TBS,18,41.782084,38.139617
6356,TBS,19,41.787716,38.664277
6357,TBS,20,41.790960,39.189009
6358,TBS,21,41.791817,39.713775
6359,TBS,22,41.790285,40.238535
6360,TBS,23,41.786366,40.763251
6361,TBS,24,41.780059,41.287883
6362,TBS,25,41.771366,41.812393
6363,TBS,26,41.760288,42.336740
6364,TBS,27,41.746827,42.860888
6365,TBS,28,41.730986,43.384796
6366,TBS,29,41.712765,43.908426
6367,TBS,30,41.692169,44.431740
6368,TBS,31,41.669201,44.954700
6369,TBZ,0,41.275278,28.751944
6370,TBZ,1,41.216254,29.338197
6371,TBZ,2,41.154262,29.923367
6372,TBZ,3,41.089315,30.507404
6373,TBZ,4,41.021424,31.090262
6374,TBZ,5,40.950604,31.671894
6375,TBZ,6,40.876867,32.252254
6376,TBZ,7,40.800228,32.831297
6377,TBZ,8,40.720701,33.408979
6378,TBZ,9,40.638301,33.985257
6379,TBZ,10,40.553044,34.560091
6380,TBZ,11,40.464946,35.133437
6381,TBZ,12,40.374021,35.705258
6382,TBZ,13,40.280289,36.275514
6383,TBZ,14,40.183764,36.844168
6384,TBZ,15,40.084466,37.411182
6385,TBZ,16,39.982411,37.976522
6386,TBZ,17,39.877618,38.540153
6387,TBZ,18,39.770106,39.102042
6388,TBZ,19,39.659892,39.662156
6389,TBZ,20,39.546997,40.220466
6390,TBZ,21,39.431440,40.776940
6391,TBZ,22,39.313240,41.331550
6392,TBZ,23,39.192417,41.884270
6393,TBZ,24,39.068992,42.435071
6394,TBZ,25,38.942985,42.983929
6395,TBZ,26,38.814417,43.530820
6396,TBZ,27,38.683309,44.075721
6397,TBZ,28,38.549681,44.618609
6398,TBZ,29,38.413556,45.159465
6399,TBZ,30,38.274955,45.698268
6400,TBZ,31,38.133900,46.235001
6401,TGD,0,41.275278,28.751944
6402,TGD,1,41.322335,28.451015
6403,TGD,2,41.368608,28.149654
6404,TGD,3,41.414093,27.847868
6405,TGD,4,41.458789,27.545662
6406,TGD,5,41.502692,27.243044
6407,TGD,6,41.545801,26.940019
6408,TGD,7,41.588114,26.636593
6409,TGD,8,41.629628,26.332773
6410,TGD,9,41.670341,26.028565
6411,TGD,10,41.710251,25.723975
6412,TGD,11,41.749355,25.419012
6413,TGD,12,41.787652,25.113680
6414,TGD,13,41.825140,24.807987
6415,TGD,14,41.861816,24.501940
6416,TGD,15,41.897679,24.195545
6417,TGD,16,41.932727,23.888810
6418,TGD,17,41.966957,23.581742
6419,TGD,18,42.000368,23.274348
6420,TGD,19,42.032959,22.966634
6421,TGD,20,42.064726,22.658609
6422,TGD,21,42.095669,22.350279
6423,TGD,22,42.125786,22.041653
6424,TGD,23,42.155075,21.732737
6425,TGD,24,42.183535,21.423538
6426,TGD,25,42.211164,21.114066
6427,TGD,26,42.237960,20.804327
6428,TGD,27,42.263922,20.494328
6429,TGD,28,42.289049,20.184078
6430,TGD,29,42.313339,19.873585
6431,TGD,30,42.336790,19.562856
6432,TGD,31,42.359402,19.251900
6433,TIA,0,41.275278,28.751944
6434,TIA,1,41.290784,28.461690
6435,TIA,2,41.305560,28.171301
6436,TIA,3,41.319606,27.880784
6437,TIA,4,41.332922,27.590144
6438,TIA,5,41.345506,27.299389
6439,TIA,6,41.357358,27.008525
6440,TIA,7,41.368478,26.717559
6441,TIA,8,41.378864,26.426496
6442,TIA,9,41.388517,26.135343
6443,TIA,10,41.397435,25.844107
6444,TIA,11,41.405619,25.552795
6445,TIA,12,41.413069,25.261412
6446,TIA,13,41.419782,24.969966
6447,TIA,14,41.425761,24.678463
6448,TIA,15,41.431003,24.386910
6449,TIA,16,41.435509,24.095313
6450,TIA,17,41.439279,23.803678
6451,TIA,18,41.442312,23.512014
6452,TIA,19,41.444609,23.220325
6453,TIA,20,41.446169,22.928618
6454,TIA,21,41.446991,22.636902
6455,TIA,22,41.447077,22.345180
6456,TIA,23,41.446426,22.053462
6457,TIA,24,41.445038,21.761753
6458,TIA,25,41.442914,21.470059
6459,TIA,26,41.440052,21.178388
6460,TIA,27,41.436454,20.886746
6461,TIA,28,41.432119,20.595140
6462,TIA,29,41.427049,20.303575
6463,TIA,30,41.421242,20.012060
6464,TIA,31,41.414700,19.720600
6465,TIF,0,41.275278,28.751944
6466,TIF,1,40.657135,29.226963
6467,TIF,2,40.037081,29.693247
6468,TIF,3,39.415193,30.151114
6469,TIF,4,38.791541,30.600874
6470,TIF,5,38.166195,31.042821
6471,TIF,6,37.539221,31.477241
6472,TIF,7,36.910682,31.904407
6473,TIF,8,36.280639,32.324582
6474,TIF,9,35.649149,32.738020
6475,TIF,10,35.016269,33.144966
6476,TIF,11,34.382052,33.545655
6477,TIF,12,33.746548,33.940314
6478,TIF,13,33.109807,34.329160
6479,TIF,14,32.471876,34.712406
6480,TIF,15,31.832800,35.090254
6481,TIF,16,31.192623,35.462900
6482,TIF,17,30.551387,35.830534
6483,TIF,18,29.909131,36.193339
6484,TIF,19,29.265896,36.551492
6485,TIF,20,28.621717,36.905163
6486,TIF,21,27.976632,37.254517
6487,TIF,22,27.330675,37.599714
6488,TIF,23,26.683879,37.940910
6489,TIF,24,26.036277,38.278253
6490,TIF,25,25.387901,38.611888
6491,TIF,26,24.738780,38.941958
6492,TIF,27,24.088944,39.268597
6493,TIF,28,23.438421,39.591938
6494,TIF,29,22.787238,39.912110
6495,TIF,30,22.135423,40.229237
6496,TIF,31,21.483001,40.543442
6497,TIP,0,41.275278,28.751944
6498,TIP,1,41.032145,28.191016
6499,TIP,2,40.786312,27.634239
6500,TIP,3,40.537824,27.081591
6501,TIP,4,40.286721,26.533048
6502,TIP,5,40.033048,25.988587
6503,TIP,6,39.776845,25.448181
6504,TIP,7,39.518155,24.911802
6505,TIP,8,39.257018,24.379423
6506,TIP,9,38.993476,23.851013
6507,TIP,10,38.727568,23.326541
6508,TIP,11,38.459334,22.805976
6509,TIP,12,38.188814,22.289285
6510,TIP,13,37.916046,21.776432
6511,TIP,14,37.641070,21.267385
6512,TIP,15,37.363923,20.762107
6513,TIP,16,37.084642,20.260561
6514,TIP,17,36.803265,19.762712
6515,TIP,18,36.519828,19.268521
6516,TIP,19,36.234367,18.777950
6517,TIP,20,35.946919,18.290961
6518,TIP,21,35.657517,17.807514
6519,TIP,22,35.366198,17.327570
6520,TIP,23,35.072994,16.851089
6521,TIP,24,34.777941,16.378030
6522,TIP,25,34.481070,15.908353
6523,TIP,26,34.182416,15.442016
6524,TIP,27,33.882010,14.978979
6525,TIP,28,33.579884,14.519201
6526,TIP,29,33.276071,14.062640
6527,TIP,30,32.970600,13.609253
6528,TIP,31,32.663502,13.159000
6529,TLL,0,41.275278,28.751944
6530,TLL,1,41.861997,28.664150
6531,TLL,2,42.448647,28.574730
6532,TLL,3,43.035227,28.483620
6533,TLL,4,43.621733,28.390751
6534,TLL,5,44.208163,28.296052
6535,TLL,6,44.794512,28.199449
6536,TLL,7,45.380779,28.100862
6537,TLL,8,45.966959,28.000210
6538,TLL,9,46.553049,27.897405
6539,TLL,10,47.139044,27.792355
6540,TLL,11,47.724942,27.684964
6541,TLL,12,48.310737,27.575129
6542,TLL,13,48.896425,27.462744
6543,TLL,14,49.482001,27.347694
6544,TLL,15,50.067460,27.229860
6545,TLL,16,50.652797,27.109113
6546,TLL,17,51.238006,26.985320
6547,TLL,18,51.823082,26.858337
6548,TLL,19,52.408017,26.728012
6549,TLL,20,52.992804,26.594185
6550,TLL,21,53.577438,26.456684
6551,TLL,22,54.161909,26.315327
6552,TLL,23,54.746210,26.169920
6553,TLL,24,55.330332,26.020257
6554,TLL,25,55.914266,25.866116
6555,TLL,26,56.498001,25.707262
6556,TLL,27,57.081527,25.543443
6557,TLL,28,57.664833,25.374387
6558,TLL,29,58.247906,25.199806
6559,TLL,30,58.830733,25.019388
6560,TLL,31,59.413300,24.832800
6561,TLS,0,41.275278,28.751944
6562,TLS,1,41.450765,27.913515
6563,TLS,2,41.620131,27.070618
6564,TLS,3,41.783309,26.223363
6565,TLS,4,41.940230,25.371868
6566,TLS,5,42.090830,24.516257
6567,TLS,6,42.235044,23.656660
6568,TLS,7,42.372811,22.793214
6569,TLS,8,42.504071,21.926061
6570,TLS,9,42.628767,21.055351
6571,TLS,10,42.746844,20.181239
6572,TLS,11,42.858249,19.303885
6573,TLS,12,42.962932,18.423455
6574,TLS,13,43.060844,17.540122
6575,TLS,14,43.151942,16.654061
6576,TLS,15,43.236183,15.765454
6577,TLS,16,43.313527,14.874488
6578,TLS,17,43.383939,13.981354
6579,TLS,18,43.447386,13.086245
6580,TLS,19,43.503836,12.189360
6581,TLS,20,43.553264,11.290901
6582,TLS,21,43.595645,10.391072
6583,TLS,22,43.630960,9.490081
6584,TLS,23,43.659191,8.588136
6585,TLS,24,43.680324,7.685450
6586,TLS,25,43.694350,6.782235
6587,TLS,26,43.701261,5.878704
6588,TLS,27,43.701054,4.975072
6589,TLS,28,43.693729,4.071554
6590,TLS,29,43.679290,3.168364
6591,TLS,30,43.657744,2.265715
6592,TLS,31,43.629101,1.363820
6593,TLV,0,41.275278,28.751944
6594,TLV,1,40.981815,28.975043
6595,TLV,2,40.687925,29.196163
6596,TLV,3,40.393617,29.415340
6597,TLV,4,40.098900,29.632609
6598,TLV,5,39.803779,29.848002
6599,TLV,6,39.508264,30.061553
6600,TLV,7,39.212362,30.273294
6601,TLV,8,38.916079,30.483257
6602,TLV,9,38.619423,30.691473
6603,TLV,10,38.322402,30.897972
6604,TLV,11,38.025021,31.102785
6605,TLV,12,37.727288,31.305942
6606,TLV,13,37.429209,31.507470
6607,TLV,14,37.130791,31.707399
6608,TLV,15,36.832040,31.905756
6609,TLV,16,36.532962,32.102570
6610,TLV,17,36.233563,32.297866
6611,TLV,18,35.933848,32.491671
6612,TLV,19,35.633825,32.684012
6613,TLV,20,35.333499,32.874913
6614,TLV,21,35.032874,33.064401
6615,TLV,22,34.731957,33.252498
6616,TLV,23,34.430753,33.439230
6617,TLV,24,34.129267,33.624621
6618,TLV,25,33.827505,33.808693
6619,TLV,26,33.525471,33.991470
6620,TLV,27,33.223170,34.172974
6621,TLV,28,32.920608,34.353228
6622,TLV,29,32.617789,34.532252
6623,TLV,30,32.314717,34.710069
6624,TLV,31,32.011398,34.886700
6625,TRN,0,41.275278,28.751944
6626,TRN,1,41.460047,28.118262
6627,TRN,2,41.641318,27.480993
6628,TRN,3,41.819051,26.840164
6629,TRN,4,41.993201,26.195804
6630,TRN,5,42.163729,25.547945
6631,TRN,6,42.330593,24.896622
6632,TRN,7,42.493751,24.241873
6633,TRN,8,42.653163,23.583738
6634,TRN,9,42.808788,22.922261
6635,TRN,10,42.960588,22.257489
6636,TRN,11,43.108521,21.589470
6637,TRN,12,43.252551,20.918257
6638,TRN,13,43.392637,20.243905
6639,TRN,14,43.528743,19.566474
6640,TRN,15,43.660832,18.886023
6641,TRN,16,43.788867,18.202618
6642,TRN,17,43.912813,17.516326
6643,TRN,18,44.032634,16.827217
6644,TRN,19,44.148298,16.135365
6645,TRN,20,44.259769,15.440845
6646,TRN,21,44.367017,14.743737
6647,TRN,22,44.470010,14.044122
6648,TRN,23,44.568718,13.342085
6649,TRN,24,44.663110,12.637714
6650,TRN,25,44.753159,11.931099
6651,TRN,26,44.838838,11.222331
6652,TRN,27,44.920120,10.511507
6653,TRN,28,44.996981,9.798724
6654,TRN,29,45.069396,9.084082
6655,TRN,30,45.137344,8.367682
6656,TRN,31,45.200802,7.649630
6657,TSE,0,41.275278,28.751944
6658,TSE,1,41.811809,29.862311
6659,TSE,2,42.337469,30.991244
6660,TSE,3,42.851869,32.139004
6661,TSE,4,43.354614,33.305822
6662,TSE,5,43.845301,34.491898
6663,TSE,6,44.323520,35.697396
6664,TSE,7,44.788854,36.922439
6665,TSE,8,45.240882,38.167106
6666,TSE,9,45.679176,39.431431
6667,TSE,10,46.103306,40.715393
6668,TSE,11,46.512840,42.018918
6669,TSE,12,46.907345,43.341870
6670,TSE,13,47.286388,44.684050
6671,TSE,14,47.649536,46.045195
6672,TSE,15,47.996364,47.424968
6673,TSE,16,48.326449,48.822961
6674,TSE,17,48.639376,50.238689
6675,TSE,18,48.934741,51.671592
6676,TSE,19,49.212150,53.121029
6677,TSE,20,49.471223,54.586279
6678,TSE,21,49.711596,56.066544
6679,TSE,22,49.932923,57.560945
6680,TSE,23,50.134877,59.068529
6681,TSE,24,50.317154,60.588267
6682,TSE,25,50.479475,62.119060
6683,TSE,26,50.621587,63.659743
6684,TSE,27,50.743265,65.209092
6685,TSE,28,50.844313,66.765827
6686,TSE,29,50.924567,68.328622
6687,TSE,30,50.983896,69.896113
6688,TSE,31,51.022202,71.466904
6689,TUN,0,41.275278,28.751944
6690,TUN,1,41.180464,28.120415
6691,TUN,2,41.082210,27.490744
6692,TUN,3,40.980539,26.862986
6693,TUN,4,40.875474,26.237193
6694,TUN,5,40.767037,25.613414
6695,TUN,6,40.655252,24.991699
6696,TUN,7,40.540145,24.372095
6697,TUN,8,40.421739,23.754647
6698,TUN,9,40.300061,23.139398
6699,TUN,10,40.175135,22.526391
6700,TUN,11,40.046988,21.915666
6701,TUN,12,39.915647,21.307262
6702,TUN,13,39.781139,20.701214
6703,TUN,14,39.643491,20.097558
6704,TUN,15,39.502731,19.496328
6705,TUN,16,39.358887,18.897555
6706,TUN,17,39.211988,18.301268
6707,TUN,18,39.062061,17.707497
6708,TUN,19,38.909137,17.116268
6709,TUN,20,38.753244,16.527605
6710,TUN,21,38.594411,15.941532
6711,TUN,22,38.432668,15.358070
6712,TUN,23,38.268046,14.777239
6713,TUN,24,38.100573,14.199058
6714,TUN,25,37.930280,13.623544
6715,TUN,26,37.757198,13.050711
6716,TUN,27,37.581356,12.480573
6717,TUN,28,37.402784,11.913143
6718,TUN,29,37.221515,11.348432
6719,TUN,30,37.037577,10.786448
6720,TUN,31,36.851002,10.227200
6721,TXL,0,41.275278,28.751944
6722,TXL,1,41.667780,28.346019
6723,TXL,2,42.058837,27.935123
6724,TXL,3,42.448409,27.519145
6725,TXL,4,42.836459,27.097971
6726,TXL,5,43.222946,26.671485
6727,TXL,6,43.607828,26.239567
6728,TXL,7,43.991064,25.802099
6729,TXL,8,44.372608,25.358957
6730,TXL,9,44.752417,24.910016
6731,TXL,10,45.130444,24.455150
6732,TXL,11,45.506641,23.994228
6733,TXL,12,45.880960,23.527120
6734,TXL,13,46.253350,23.053692
6735,TXL,14,46.623759,22.573807
6736,TXL,15,46.992134,22.087329
6737,TXL,16,47.358420,21.594117
6738,TXL,17,47.722561,21.094030
6739,TXL,18,48.084499,20.586924
6740,TXL,19,48.444175,20.072653
6741,TXL,20,48.801526,19.551071
6742,TXL,21,49.156490,19.022028
6743,TXL,22,49.509003,18.485374
6744,TXL,23,49.858998,17.940958
6745,TXL,24,50.206406,17.388627
6746,TXL,25,50.551158,16.828227
6747,TXL,26,50.893180,16.259603
6748,TXL,27,51.232400,15.682602
6749,TXL,28,51.568741,15.097066
6750,TXL,29,51.902125,14.502841
6751,TXL,30,52.232472,13.899770
6752,TXL,31,52.559700,13.287700
6753,TZX,0,41.275278,28.751944
6754,TZX,1,41.282741,29.108608
6755,TZX,2,41.289103,29.465348
6756,TZX,3,41.294364,29.822152
6757,TZX,4,41.298523,30.179007
6758,TZX,5,41.301579,30.535902
6759,TZX,6,41.303534,30.892824
6760,TZX,7,41.304385,31.249761
6761,TZX,8,41.304135,31.606702
6762,TZX,9,41.302781,31.963634
6763,TZX,10,41.300325,32.320545
6764,TZX,11,41.296767,32.677423
6765,TZX,12,41.292107,33.034256
6766,TZX,13,41.286345,33.391032
6767,TZX,14,41.279482,33.747739
6768,TZX,15,41.271518,34.104365
6769,TZX,16,41.262453,34.460899
6770,TZX,17,41.252290,34.817327
6771,TZX,18,41.241027,35.173638
6772,TZX,19,41.228666,35.529820
6773,TZX,20,41.215209,35.885862
6774,TZX,21,41.200655,36.241752
6775,TZX,22,41.185006,36.597477
6776,TZX,23,41.168263,36.953026
6777,TZX,24,41.150428,37.308388
6778,TZX,25,41.131500,37.663551
6779,TZX,26,41.111483,38.018502
6780,TZX,27,41.090377,38.373232
6781,TZX,28,41.068184,38.727728
6782,TZX,29,41.044906,39.081978
6783,TZX,30,41.020543,39.435973
6784,TZX,31,40.995098,39.789700
6785,UFA,0,41.275278,28.751944
6786,UFA,1,41.788603,29.424081
6787,UFA,2,42.297948,30.107027
6788,UFA,3,42.803174,30.801065
6789,UFA,4,43.304140,31.506483
6790,UFA,5,43.800700,32.223573
6791,UFA,6,44.292701,32.952626
6792,UFA,7,44.779988,33.693939
6793,UFA,8,45.262397,34.447807
6794,UFA,9,45.739762,35.214528
6795,UFA,10,46.211911,35.994399
6796,UFA,11,46.678666,36.787717
6797,UFA,12,47.139842,37.594778
6798,UFA,13,47.595252,38.415872
6799,UFA,14,48.044700,39.251288
6800,UFA,15,48.487985,40.101310
6801,UFA,16,48.924902,40.966215
6802,UFA,17,49.355239,41.846271
6803,UFA,18,49.778777,42.741738
6804,UFA,19,50.195294,43.652865
6805,UFA,20,50.604560,44.579888
6806,UFA,21,51.006342,45.523028
6807,UFA,22,51.400400,46.482488
6808,UFA,23,51.786488,47.458453
6809,UFA,24,52.164358,48.451088
6810,UFA,25,52.533755,49.460533
6811,UFA,26,52.894421,50.486900
6812,UFA,27,53.246094,51.530275
6813,UFA,28,53.588508,52.590712
6814,UFA,29,53.921394,53.668230
6815,UFA,30,54.244482,54.762812
6816,UFA,31,54.557499,55.874401
6817,URC,0,41.275278,28.751944
6818,URC,1,41.819814,30.427864
6819,URC,2,42.339579,32.131868
6820,URC,3,42.833700,33.863567
6821,URC,4,43.301315,35.622423
6822,URC,5,43.741571,37.407737
6823,URC,6,44.153636,39.218645
6824,URC,7,44.536703,41.054115
6825,URC,8,44.889995,42.912939
6826,URC,9,45.212773,44.793739
6827,URC,10,45.504341,46.694962
6828,URC,11,45.764054,48.614891
6829,URC,12,45.991323,50.551650
6830,URC,13,46.185621,52.503215
6831,URC,14,46.346488,54.467426
6832,URC,15,46.473540,56.442009
6833,URC,16,46.566466,58.424588
6834,URC,17,46.625040,60.412710
6835,URC,18,46.649115,62.403869
6836,URC,19,46.638633,64.395529
6837,URC,20,46.593620,66.385147
6838,URC,21,46.514186,68.370203
6839,URC,22,46.400528,70.348220
6840,URC,23,46.252923,72.316790
6841,URC,24,46.071728,74.273594
6842,URC,25,45.857372,76.216428
6843,URC,26,45.610357,78.143211
6844,URC,27,45.331247,80.052007
6845,URC,28,45.020668,81.941037
6846,URC,29,44.679295,83.808681
6847,URC,30,44.307852,85.653493
6848,URC,31,43.907101,87.474197
6849,VAN,0,41.275278,28.751944
6850,VAN,1,41.214073,29.239488
6851,VAN,2,41.150815,29.726105
6852,VAN,3,41.085513,30.211770
6853,VAN,4,41.018176,30.696454
6854,VAN,5,40.948814,31.180134
6855,VAN,6,40.877434,31.662785
6856,VAN,7,40.804047,32.144380
6857,VAN,8,40.728662,32.624898
6858,VAN,9,40.651289,33.104314
6859,VAN,10,40.571937,33.582605
6860,VAN,11,40.490618,34.059749
6861,VAN,12,40.407342,34.535724
6862,VAN,13,40.322119,35.010509
6863,VAN,14,40.234960,35.484083
6864,VAN,15,40.145875,35.956426
6865,VAN,16,40.054877,36.427519
6866,VAN,17,39.961976,36.897342
6867,VAN,18,39.867183,37.365877
6868,VAN,19,39.770510,37.833107
6869,VAN,20,39.671970,38.299013
6870,VAN,21,39.571573,38.763580
6871,VAN,22,39.469332,39.226791
6872,VAN,23,39.365259,39.688630
6873,VAN,24,39.259365,40.149083
6874,VAN,25,39.151664,40.608136
6875,VAN,26,39.042168,41.065773
6876,VAN,27,38.930889,41.521983
6877,VAN,28,38.817840,41.976752
6878,VAN,29,38.703034,42.430069
6879,VAN,30,38.586483,42.881921
6880,VAN,31,38.468201,43.332298
6881,VAS,0,41.275278,28.751944
6882,VAS,1,41.237212,29.020188
6883,VAS,2,41.198524,29.288117
6884,VAS,3,41.159217,29.555728
6885,VAS,4,41.119290,29.823014
6886,VAS,5,41.078747,30.089974
6887,VAS,6,41.037588,30.356602
6888,VAS,7,40.995815,30.622894
6889,VAS,8,40.953431,30.888846
6890,VAS,9,40.910436,31.154454
6891,VAS,10,40.866833,31.419715
6892,VAS,11,40.822622,31.684625
6893,VAS,12,40.777807,31.949179
6894,VAS,13,40.732388,32.213374
6895,VAS,14,40.686368,32.477206
6896,VAS,15,40.639748,32.740672
6897,VAS,16,40.592530,33.003767
6898,VAS,17,40.544716,33.266489
6899,VAS,18,40.496308,33.528834
6900,VAS,19,40.447308,33.790798
6901,VAS,20,40.397717,34.052378
6902,VAS,21,40.347537,34.313571
6903,VAS,22,40.296771,34.574373
6904,VAS,23,40.245420,34.834782
6905,VAS,24,40.193487,35.094793
6906,VAS,25,40.140972,35.354404
6907,VAS,26,40.087879,35.613612
6908,VAS,27,40.034209,35.872414
6909,VAS,28,39.979964,36.130806
6910,VAS,29,39.925147,36.388787
6911,VAS,30,39.869758,36.646352
6912,VAS,31,39.813801,36.903500
6913,VCE,0,41.275278,28.751944
6914,VCE,1,41.446719,28.260060
6915,VCE,2,41.616053,27.765586
6916,VCE,3,41.783258,27.268525
6917,VCE,4,41.948308,26.768881
6918,VCE,5,42.111182,26.266661
6919,VCE,6,42.271854,25.761870
6920,VCE,7,42.430301,25.254518
6921,VCE,8,42.586500,24.744612
6922,VCE,9,42.740427,24.232163
6923,VCE,10,42.892058,23.717183
6924,VCE,11,43.041369,23.199684
6925,VCE,12,43.188338,22.679679
6926,VCE,13,43.332940,22.157185
6927,VCE,14,43.475152,21.632217
6928,VCE,15,43.614952,21.104794
6929,VCE,16,43.752316,20.574934
6930,VCE,17,43.887221,20.042658
6931,VCE,18,44.019644,19.507988
6932,VCE,19,44.149563,18.970947
6933,VCE,20,44.276955,18.431560
6934,VCE,21,44.401798,17.889853
6935,VCE,22,44.524070,17.345852
6936,VCE,23,44.643749,16.799587
6937,VCE,24,44.760813,16.251089
6938,VCE,25,44.875241,15.700389
6939,VCE,26,44.987013,15.147519
6940,VCE,27,45.096107,14.592516
6941,VCE,28,45.202502,14.035414
6942,VCE,29,45.306179,13.476251
6943,VCE,30,45.407118,12.915066
6944,VCE,31,45.505299,12.351900
6945,VIE,0,41.275278,28.751944
6946,VIE,1,41.514516,28.402010
6947,VIE,2,41.752686,28.049485
6948,VIE,3,41.989771,27.694341
6949,VIE,4,42.225752,27.336547
6950,VIE,5,42.460614,26.976075
6951,VIE,6,42.694337,26.612895
6952,VIE,7,42.926904,26.246978
6953,VIE,8,43.158297,25.878294
6954,VIE,9,43.388498,25.506815
6955,VIE,10,43.617487,25.132511
6956,VIE,11,43.845245,24.755353
6957,VIE,12,44.071754,24.375311
6958,VIE,13,44.296993,23.992358
6959,VIE,14,44.520943,23.606464
6960,VIE,15,44.743583,23.217601
6961,VIE,16,44.964894,22.825740
6962,VIE,17,45.184855,22.430853
6963,VIE,18,45.403444,22.032912
6964,VIE,19,45.620641,21.631889
6965,VIE,20,45.836423,21.227758
6966,VIE,21,46.050770,20.820491
6967,VIE,22,46.263660,20.410061
6968,VIE,23,46.475069,19.996443
6969,VIE,24,46.684975,19.579610
6970,VIE,25,46.893357,19.159537
6971,VIE,26,47.100189,18.736198
6972,VIE,27,47.305450,18.309571
6973,VIE,28,47.509116,17.879630
6974,VIE,29,47.711161,17.446353
6975,VIE,30,47.911564,17.009717
6976,VIE,31,48.110298,16.569700
6977,VKO,0,41.275278,28.751944
6978,VKO,1,41.745310,28.961583
6979,VKO,2,42.214956,29.174313
6980,VKO,3,42.684203,29.390229
6981,VKO,4,43.153038,29.609431
6982,VKO,5,43.621449,29.832020
6983,VKO,6,44.089420,30.058103
6984,VKO,7,44.556939,30.287791
6985,VKO,8,45.023990,30.521197
6986,VKO,9,45.490558,30.758442
6987,VKO,10,45.956626,30.999647
6988,VKO,11,46.422178,31.244943
6989,VKO,12,46.887197,31.494461
6990,VKO,13,47.351664,31.748341
6991,VKO,14,47.815561,32.006726
6992,VKO,15,48.278868,32.269768
6993,VKO,16,48.741563,32.537620
6994,VKO,17,49.203627,32.810447
6995,VKO,18,49.665035,33.088417
6996,VKO,19,50.125766,33.371706
6997,VKO,20,50.585794,33.660498
6998,VKO,21,51.045094,33.954984
6999,VKO,22,51.503639,34.255363
7000,VKO,23,51.961401,34.561844
7001,VKO,24,52.418351,34.874644
7002,VKO,25,52.874459,35.193988
7003,VKO,26,53.329692,35.520114
7004,VKO,27,53.784016,35.853268
7005,VKO,28,54.237397,36.193708
7006,VKO,29,54.689798,36.541704
7007,VKO,30,55.141179,36.897537
7008,VKO,31,55.591499,37.261501
7009,VLC,0,41.275278,28.751944
7010,VLC,1,41.335193,27.800486
7011,VLC,2,41.387259,26.847390
7012,VLC,3,41.431449,25.892882
7013,VLC,4,41.467740,24.937191
7014,VLC,5,41.496113,23.980546
7015,VLC,6,41.516552,23.023180
7016,VLC,7,41.529048,22.065326
7017,VLC,8,41.533594,21.107220
7018,VLC,9,41.530187,20.149097
7019,VLC,10,41.518829,19.191193
7020,VLC,11,41.499526,18.233743
7021,VLC,12,41.472289,17.276980
7022,VLC,13,41.437131,16.321138
7023,VLC,14,41.394071,15.366447
7024,VLC,15,41.343131,14.413135
7025,VLC,16,41.284337,13.461428
7026,VLC,17,41.217721,12.511549
7027,VLC,18,41.143316,11.563715
7028,VLC,19,41.061161,10.618142
7029,VLC,20,40.971296,9.675038
7030,VLC,21,40.873767,8.734609
7031,VLC,22,40.768624,7.797054
7032,VLC,23,40.655918,6.862568
7033,VLC,24,40.535705,5.931338
7034,VLC,25,40.408043,5.003547
7035,VLC,26,40.272994,4.079370
7036,VLC,27,40.130623,3.158977
7037,VLC,28,39.980997,2.242529
7038,VLC,29,39.824185,1.330182
7039,VLC,30,39.660262,0.422084
7040,VLC,31,39.489300,-0.481625
7041,VNO,0,41.275278,28.751944
7042,VNO,1,41.707594,28.664498
7043,VNO,2,42.139842,28.575868
7044,VNO,3,42.572022,28.486019
7045,VNO,4,43.004130,28.394917
7046,VNO,5,43.436165,28.302524
7047,VNO,6,43.868124,28.208803
7048,VNO,7,44.300006,28.113713
7049,VNO,8,44.731808,28.017214
7050,VNO,9,45.163527,27.919264
7051,VNO,10,45.595161,27.819817
7052,VNO,11,46.026708,27.718830
7053,VNO,12,46.458164,27.616253
7054,VNO,13,46.889527,27.512037
7055,VNO,14,47.320794,27.406132
7056,VNO,15,47.751962,27.298484
7057,VNO,16,48.183027,27.189038
7058,VNO,17,48.613987,27.077735
7059,VNO,18,49.044838,26.964516
7060,VNO,19,49.475576,26.849318
7061,VNO,20,49.906197,26.732076
7062,VNO,21,50.336699,26.612722
7063,VNO,22,50.767076,26.491186
7064,VNO,23,51.197324,26.367393
7065,VNO,24,51.627439,26.241266
7066,VNO,25,52.057417,26.112726
7067,VNO,26,52.487251,25.981687
7068,VNO,27,52.916939,25.848062
7069,VNO,28,53.346473,25.711759
7070,VNO,29,53.775849,25.572683
7071,VNO,30,54.205061,25.430732
7072,VNO,31,54.634102,25.285801
7073,WAW,0,41.275278,28.751944
7074,WAW,1,41.633844,28.544948
7075,WAW,2,41.992034,28.335638
7076,WAW,3,42.349840,28.123960
7077,WAW,4,42.707252,27.909860
7078,WAW,5,43.064261,27.693281
7079,WAW,6,43.420856,27.474167
7080,WAW,7,43.777028,27.252457
7081,WAW,8,44.132767,27.028092
7082,WAW,9,44.488061,26.801010
7083,WAW,10,44.842900,26.571146
7084,WAW,11,45.197271,26.338434
7085,WAW,12,45.551165,26.102808
7086,WAW,13,45.904567,25.864198
7087,WAW,14,46.257467,25.622532
7088,WAW,15,46.609851,25.377738
7089,WAW,16,46.961706,25.129741
7090,WAW,17,47.313019,24.878462
7091,WAW,18,47.663775,24.623823
7092,WAW,19,48.013960,24.365741
7093,WAW,20,48.363559,24.104133
7094,WAW,21,48.712557,23.838912
7095,WAW,22,49.060937,23.569989
7096,WAW,23,49.408684,23.297273
7097,WAW,24,49.755781,23.020670
7098,WAW,25,50.102209,22.740082
7099,WAW,26,50.447952,22.455410
7100,WAW,27,50.792989,22.166552
7101,WAW,28,51.137303,21.873402
7102,WAW,29,51.480873,21.575852
7103,WAW,30,51.823679,21.273790
7104,WAW,31,52.165699,20.967100
7105,YNB,0,41.275278,28.751944
7106,YNB,1,40.735299,29.118628
7107,YNB,2,40.194178,29.479402
7108,YNB,3,39.651955,29.834457
7109,YNB,4,39.108668,30.183981
7110,YNB,5,38.564353,30.528153
7111,YNB,6,38.019046,30.867145
7112,YNB,7,37.472779,31.201125
7113,YNB,8,36.925587,31.530255
7114,YNB,9,36.377499,31.854689
7115,YNB,10,35.828547,32.174580
7116,YNB,11,35.278758,32.490072
7117,YNB,12,34.728161,32.801306
7118,YNB,13,34.176784,33.108418
7119,YNB,14,33.624651,33.411540
7120,YNB,15,33.071788,33.710799
7121,YNB,16,32.518220,34.006318
7122,YNB,17,31.963968,34.298217
7123,YNB,18,31.409058,34.586610
7124,YNB,19,30.853509,34.871611
7125,YNB,20,30.297343,35.153327
7126,YNB,21,29.740580,35.431864
7127,YNB,22,29.183241,35.707323
7128,YNB,23,28.625344,35.979804
7129,YNB,24,28.066908,36.249403
7130,YNB,25,27.507950,36.516213
7131,YNB,26,26.948489,36.780324
7132,YNB,27,26.388541,37.041825
7133,YNB,28,25.828122,37.300801
7134,YNB,29,25.267249,37.557335
7135,YNB,30,24.705936,37.811508
7136,YNB,31,24.144199,38.063400
7137,YYZ,0,41.275278,28.751944
7138,YYZ,1,42.907757,26.435023
7139,YYZ,2,44.490999,23.993998
7140,YYZ,3,46.019385,21.419180
7141,YYZ,4,47.486710,18.700995
7142,YYZ,5,48.886167,15.830324
7143,YYZ,6,50.210342,12.798966
7144,YYZ,7,51.451242,9.600219
7145,YYZ,8,52.600361,6.229587
7146,YYZ,9,53.648799,2.685599
7147,YYZ,10,54.587435,-1.029327
7148,YYZ,11,55.407174,-4.908032
7149,YYZ,12,56.099256,-8.937914
7150,YYZ,13,56.655619,-13.100511
7151,YYZ,14,57.069296,-17.371513
7152,YYZ,15,57.334800,-21.721330
7153,YYZ,16,57.448462,-26.116234
7154,YYZ,17,57.408678,-30.520016
7155,YYZ,18,57.216012,-34.895968
7156,YYZ,19,56.873160,-39.208933
7157,YYZ,20,56.384770,-43.427150
7158,YYZ,21,55.757142,-47.523659
7159,YYZ,22,54.997861,-51.477146
7160,YYZ,23,54.115399,-55.272213
7161,YYZ,24,53.118732,-58.899151
7162,YYZ,25,52.017001,-62.353358
7163,YYZ,26,50.819240,-65.634542
7164,YYZ,27,49.534164,-68.745846
7165,YYZ,28,48.170023,-71.693006
7166,YYZ,29,46.734516,-74.483580
7167,YYZ,30,45.234744,-77.126309
7168,YYZ,31,43.677200,-79.630600
7169,ZAG,0,41.275278,28.751944
7170,ZAG,1,41.440263,28.372158
7171,ZAG,2,41.603993,27.990444
7172,ZAG,3,41.766454,27.606796
7173,ZAG,4,41.927632,27.221207
7174,ZAG,5,42.087514,26.833673
7175,ZAG,6,42.246085,26.444188
7176,ZAG,7,42.403332,26.052749
7177,ZAG,8,42.559241,25.659351
7178,ZAG,9,42.713797,25.263991
7179,ZAG,10,42.866987,24.866666
7180,ZAG,11,43.018796,24.467372
7181,ZAG,12,43.169210,24.066109
7182,ZAG,13,43.318215,23.662873
7183,ZAG,14,43.465797,23.257665
7184,ZAG,15,43.611941,22.850482
7185,ZAG,16,43.756632,22.441326
7186,ZAG,17,43.899857,22.030197
7187,ZAG,18,44.041601,21.617095
7188,ZAG,19,44.181850,21.202022
7189,ZAG,20,44.320588,20.784980
7190,ZAG,21,44.457802,20.365972
7191,ZAG,22,44.593477,19.945001
7192,ZAG,23,44.727599,19.522072
7193,ZAG,24,44.860152,19.097188
7194,ZAG,25,44.991123,18.670355
7195,ZAG,26,45.120497,18.241578
7196,ZAG,27,45.248259,17.810865
7197,ZAG,28,45.374394,17.378223
7198,ZAG,29,45.498890,16.943658
7199,ZAG,30,45.621730,16.507181
7200,ZAG,31,45.742901,16.068800
7201,ZRH,0,41.275278,28.751944
7202,ZRH,1,41.526927,28.168324
7203,ZRH,2,41.775603,27.580174
7204,ZRH,3,42.021256,26.987473
7205,ZRH,4,42.263836,26.390203
7206,ZRH,5,42.503293,25.788350
7207,ZRH,6,42.739578,25.181899
7208,ZRH,7,42.972638,24.570840
7209,ZRH,8,43.202424,23.955166
7210,ZRH,9,43.428883,23.334870
7211,ZRH,10,43.651965,22.709950
7212,ZRH,11,43.871617,22.080406
7213,ZRH,12,44.087787,21.446241
7214,ZRH,13,44.300425,20.807463
7215,ZRH,14,44.509477,20.164080
7216,ZRH,15,44.714891,19.516106
7217,ZRH,16,44.916616,18.863557
7218,ZRH,17,45.114598,18.206453
7219,ZRH,18,45.308787,17.544818
7220,ZRH,19,45.499129,16.878679
7221,ZRH,20,45.685574,16.208068
7222,ZRH,21,45.868069,15.533019
7223,ZRH,22,46.046563,14.853573
7224,ZRH,23,46.221005,14.169771
7225,ZRH,24,46.391345,13.481662
7226,ZRH,25,46.557532,12.789296
7227,ZRH,26,46.719517,12.092731
7228,ZRH,27,46.877249,11.392027
7229,ZRH,28,47.030681,10.687247
7230,ZRH,29,47.179765,9.978461
7231,ZRH,30,47.324453,9.265743
7232,ZRH,31,47.464699,8.549170
